system:index,Npp,.geo
0_0,0.6321,"{""type"":""MultiPoint"",""coordinates"":[]}"
1_0,0.5404,"{""type"":""MultiPoint"",""coordinates"":[]}"
2_0,0.24180000000000001,"{""type"":""MultiPoint"",""coordinates"":[]}"
3_0,0.42450000000000004,"{""type"":""MultiPoint"",""coordinates"":[]}"
4_0,0.5325,"{""type"":""MultiPoint"",""coordinates"":[]}"
5_0,0.3239,"{""type"":""MultiPoint"",""coordinates"":[]}"
6_0,0.34750000000000003,"{""type"":""MultiPoint"",""coordinates"":[]}"
7_0,0.4854,"{""type"":""MultiPoint"",""coordinates"":[]}"
8_0,0.2624,"{""type"":""MultiPoint"",""coordinates"":[]}"
9_0,0.3674,"{""type"":""MultiPoint"",""coordinates"":[]}"
10_0,0.5155000000000001,"{""type"":""MultiPoint"",""coordinates"":[]}"
11_0,0.4519,"{""type"":""MultiPoint"",""coordinates"":[]}"
12_0,0.41340000000000005,"{""type"":""MultiPoint"",""coordinates"":[]}"
13_0,0.4414,"{""type"":""MultiPoint"",""coordinates"":[]}"
14_0,0.2727,"{""type"":""MultiPoint"",""coordinates"":[]}"
15_0,0.4012,"{""type"":""MultiPoint"",""coordinates"":[]}"
16_0,0.42250000000000004,"{""type"":""MultiPoint"",""coordinates"":[]}"
17_0,0.31970000000000004,"{""type"":""MultiPoint"",""coordinates"":[]}"
18_0,0.5992000000000001,"{""type"":""MultiPoint"",""coordinates"":[]}"
19_0,0.6113000000000001,"{""type"":""MultiPoint"",""coordinates"":[]}"
20_0,0.2894,"{""type"":""MultiPoint"",""coordinates"":[]}"
21_0,0.7250000000000001,"{""type"":""MultiPoint"",""coordinates"":[]}"
22_0,0.3391,"{""type"":""MultiPoint"",""coordinates"":[]}"
23_0,0.11220000000000001,"{""type"":""MultiPoint"",""coordinates"":[]}"
24_0,0.5096,"{""type"":""MultiPoint"",""coordinates"":[]}"
25_0,0.4806,"{""type"":""MultiPoint"",""coordinates"":[]}"
26_0,0.6165,"{""type"":""MultiPoint"",""coordinates"":[]}"
27_0,0.5586,"{""type"":""MultiPoint"",""coordinates"":[]}"
28_0,0.4112,"{""type"":""MultiPoint"",""coordinates"":[]}"
29_0,0.20270000000000002,"{""type"":""MultiPoint"",""coordinates"":[]}"
30_0,0.2629,"{""type"":""MultiPoint"",""coordinates"":[]}"
31_0,0.4662,"{""type"":""MultiPoint"",""coordinates"":[]}"
32_0,0.2649,"{""type"":""MultiPoint"",""coordinates"":[]}"
33_0,0.5083,"{""type"":""MultiPoint"",""coordinates"":[]}"
34_0,0.2766,"{""type"":""MultiPoint"",""coordinates"":[]}"
35_0,0.7911,"{""type"":""MultiPoint"",""coordinates"":[]}"
36_0,0.3266,"{""type"":""MultiPoint"",""coordinates"":[]}"
37_0,0.5710000000000001,"{""type"":""MultiPoint"",""coordinates"":[]}"
38_0,0.30110000000000003,"{""type"":""MultiPoint"",""coordinates"":[]}"
39_0,0.3467,"{""type"":""MultiPoint"",""coordinates"":[]}"
40_0,0.1187,"{""type"":""MultiPoint"",""coordinates"":[]}"
41_0,0.3415,"{""type"":""MultiPoint"",""coordinates"":[]}"
42_0,0.1516,"{""type"":""MultiPoint"",""coordinates"":[]}"
43_0,0.4632,"{""type"":""MultiPoint"",""coordinates"":[]}"
44_0,0.2706,"{""type"":""MultiPoint"",""coordinates"":[]}"
45_0,0.2692,"{""type"":""MultiPoint"",""coordinates"":[]}"
46_0,0.2446,"{""type"":""MultiPoint"",""coordinates"":[]}"
47_0,0.5202,"{""type"":""MultiPoint"",""coordinates"":[]}"
48_0,0.2818,"{""type"":""MultiPoint"",""coordinates"":[]}"
49_0,0.5951000000000001,"{""type"":""MultiPoint"",""coordinates"":[]}"
50_0,0.4132,"{""type"":""MultiPoint"",""coordinates"":[]}"
51_0,0.2921,"{""type"":""MultiPoint"",""coordinates"":[]}"
52_0,0.6880000000000001,"{""type"":""MultiPoint"",""coordinates"":[]}"
53_0,0.4303,"{""type"":""MultiPoint"",""coordinates"":[]}"
54_0,0.5486,"{""type"":""MultiPoint"",""coordinates"":[]}"
55_0,0.22740000000000002,"{""type"":""MultiPoint"",""coordinates"":[]}"
56_0,0.5509000000000001,"{""type"":""MultiPoint"",""coordinates"":[]}"
57_0,0.5711,"{""type"":""MultiPoint"",""coordinates"":[]}"
58_0,0.41960000000000003,"{""type"":""MultiPoint"",""coordinates"":[]}"
59_0,0.2217,"{""type"":""MultiPoint"",""coordinates"":[]}"
60_0,0.4811,"{""type"":""MultiPoint"",""coordinates"":[]}"
61_0,0.2131,"{""type"":""MultiPoint"",""coordinates"":[]}"
62_0,0.47200000000000003,"{""type"":""MultiPoint"",""coordinates"":[]}"
63_0,0.4857,"{""type"":""MultiPoint"",""coordinates"":[]}"
64_0,0.22660000000000002,"{""type"":""MultiPoint"",""coordinates"":[]}"
65_0,0.12010000000000001,"{""type"":""MultiPoint"",""coordinates"":[]}"
66_0,0.7305,"{""type"":""MultiPoint"",""coordinates"":[]}"
67_0,0.28650000000000003,"{""type"":""MultiPoint"",""coordinates"":[]}"
68_0,0.4985,"{""type"":""MultiPoint"",""coordinates"":[]}"
69_0,0.4632,"{""type"":""MultiPoint"",""coordinates"":[]}"
70_0,0.5078,"{""type"":""MultiPoint"",""coordinates"":[]}"
71_0,0.4824,"{""type"":""MultiPoint"",""coordinates"":[]}"
72_0,0.6586000000000001,"{""type"":""MultiPoint"",""coordinates"":[]}"
73_0,0.7146,"{""type"":""MultiPoint"",""coordinates"":[]}"
74_0,0.311,"{""type"":""MultiPoint"",""coordinates"":[]}"
75_0,0.2093,"{""type"":""MultiPoint"",""coordinates"":[]}"
76_0,0.33380000000000004,"{""type"":""MultiPoint"",""coordinates"":[]}"
77_0,0.8417,"{""type"":""MultiPoint"",""coordinates"":[]}"
78_0,0.3435,"{""type"":""MultiPoint"",""coordinates"":[]}"
79_0,0.4142,"{""type"":""MultiPoint"",""coordinates"":[]}"
80_0,0.2604,"{""type"":""MultiPoint"",""coordinates"":[]}"
81_0,0.2485,"{""type"":""MultiPoint"",""coordinates"":[]}"
82_0,0.21180000000000002,"{""type"":""MultiPoint"",""coordinates"":[]}"
83_0,0.22460000000000002,"{""type"":""MultiPoint"",""coordinates"":[]}"
84_0,0.3164,"{""type"":""MultiPoint"",""coordinates"":[]}"
85_0,0.4495,"{""type"":""MultiPoint"",""coordinates"":[]}"
86_0,0.5617,"{""type"":""MultiPoint"",""coordinates"":[]}"
87_0,0.36960000000000004,"{""type"":""MultiPoint"",""coordinates"":[]}"
88_0,0.6154000000000001,"{""type"":""MultiPoint"",""coordinates"":[]}"
89_0,0.5424,"{""type"":""MultiPoint"",""coordinates"":[]}"
90_0,0.4373,"{""type"":""MultiPoint"",""coordinates"":[]}"
91_0,0.28190000000000004,"{""type"":""MultiPoint"",""coordinates"":[]}"
92_0,0.5778,"{""type"":""MultiPoint"",""coordinates"":[]}"
93_0,0.4174,"{""type"":""MultiPoint"",""coordinates"":[]}"
94_0,0.1216,"{""type"":""MultiPoint"",""coordinates"":[]}"
95_0,0.6196,"{""type"":""MultiPoint"",""coordinates"":[]}"
96_0,0.2434,"{""type"":""MultiPoint"",""coordinates"":[]}"
97_0,0.1242,"{""type"":""MultiPoint"",""coordinates"":[]}"
98_0,0.7857000000000001,"{""type"":""MultiPoint"",""coordinates"":[]}"
99_0,0.2058,"{""type"":""MultiPoint"",""coordinates"":[]}"
100_0,0.4806,"{""type"":""MultiPoint"",""coordinates"":[]}"
101_0,0.42510000000000003,"{""type"":""MultiPoint"",""coordinates"":[]}"
102_0,0.2806,"{""type"":""MultiPoint"",""coordinates"":[]}"
103_0,0.47000000000000003,"{""type"":""MultiPoint"",""coordinates"":[]}"
104_0,0.667,"{""type"":""MultiPoint"",""coordinates"":[]}"
105_0,0.5700000000000001,"{""type"":""MultiPoint"",""coordinates"":[]}"
106_0,0.33290000000000003,"{""type"":""MultiPoint"",""coordinates"":[]}"
107_0,0.1623,"{""type"":""MultiPoint"",""coordinates"":[]}"
108_0,0.6777000000000001,"{""type"":""MultiPoint"",""coordinates"":[]}"
109_0,0.4158,"{""type"":""MultiPoint"",""coordinates"":[]}"
111_0,0.3891,"{""type"":""MultiPoint"",""coordinates"":[]}"
112_0,0.4132,"{""type"":""MultiPoint"",""coordinates"":[]}"
113_0,0.3321,"{""type"":""MultiPoint"",""coordinates"":[]}"
114_0,0.5173,"{""type"":""MultiPoint"",""coordinates"":[]}"
115_0,0.2756,"{""type"":""MultiPoint"",""coordinates"":[]}"
116_0,0.4043,"{""type"":""MultiPoint"",""coordinates"":[]}"
117_0,0.4158,"{""type"":""MultiPoint"",""coordinates"":[]}"
118_0,0.42860000000000004,"{""type"":""MultiPoint"",""coordinates"":[]}"
119_0,0.36660000000000004,"{""type"":""MultiPoint"",""coordinates"":[]}"
120_0,0.22290000000000001,"{""type"":""MultiPoint"",""coordinates"":[]}"
121_0,0.38320000000000004,"{""type"":""MultiPoint"",""coordinates"":[]}"
122_0,0.6221,"{""type"":""MultiPoint"",""coordinates"":[]}"
123_0,0.3635,"{""type"":""MultiPoint"",""coordinates"":[]}"
124_0,0.3396,"{""type"":""MultiPoint"",""coordinates"":[]}"
125_0,0.33740000000000003,"{""type"":""MultiPoint"",""coordinates"":[]}"
126_0,0.6198,"{""type"":""MultiPoint"",""coordinates"":[]}"
127_0,0.3542,"{""type"":""MultiPoint"",""coordinates"":[]}"
128_0,0.16820000000000002,"{""type"":""MultiPoint"",""coordinates"":[]}"
129_0,0.2474,"{""type"":""MultiPoint"",""coordinates"":[]}"
130_0,0.3005,"{""type"":""MultiPoint"",""coordinates"":[]}"
131_0,0.6857000000000001,"{""type"":""MultiPoint"",""coordinates"":[]}"
132_0,0.22820000000000001,"{""type"":""MultiPoint"",""coordinates"":[]}"
133_0,0.5125000000000001,"{""type"":""MultiPoint"",""coordinates"":[]}"
134_0,0.5468000000000001,"{""type"":""MultiPoint"",""coordinates"":[]}"
135_0,0.1022,"{""type"":""MultiPoint"",""coordinates"":[]}"
136_0,0.6189,"{""type"":""MultiPoint"",""coordinates"":[]}"
137_0,0.546,"{""type"":""MultiPoint"",""coordinates"":[]}"
138_0,0.42300000000000004,"{""type"":""MultiPoint"",""coordinates"":[]}"
139_0,0.1968,"{""type"":""MultiPoint"",""coordinates"":[]}"
140_0,0.27940000000000004,"{""type"":""MultiPoint"",""coordinates"":[]}"
141_0,0.3502,"{""type"":""MultiPoint"",""coordinates"":[]}"
143_0,0.203,"{""type"":""MultiPoint"",""coordinates"":[]}"
144_0,0.46590000000000004,"{""type"":""MultiPoint"",""coordinates"":[]}"
145_0,0.6229,"{""type"":""MultiPoint"",""coordinates"":[]}"
146_0,0.5054000000000001,"{""type"":""MultiPoint"",""coordinates"":[]}"
147_0,0.4395,"{""type"":""MultiPoint"",""coordinates"":[]}"
148_0,0.32780000000000004,"{""type"":""MultiPoint"",""coordinates"":[]}"
149_0,0.513,"{""type"":""MultiPoint"",""coordinates"":[]}"
150_0,0.43320000000000003,"{""type"":""MultiPoint"",""coordinates"":[]}"
151_0,0.3498,"{""type"":""MultiPoint"",""coordinates"":[]}"
152_0,0.4622,"{""type"":""MultiPoint"",""coordinates"":[]}"
153_0,0.2141,"{""type"":""MultiPoint"",""coordinates"":[]}"
154_0,0.36860000000000004,"{""type"":""MultiPoint"",""coordinates"":[]}"
155_0,0.6034,"{""type"":""MultiPoint"",""coordinates"":[]}"
156_0,0.319,"{""type"":""MultiPoint"",""coordinates"":[]}"
157_0,0.3841,"{""type"":""MultiPoint"",""coordinates"":[]}"
158_0,0.5009,"{""type"":""MultiPoint"",""coordinates"":[]}"
159_0,0.40280000000000005,"{""type"":""MultiPoint"",""coordinates"":[]}"
160_0,0.3766,"{""type"":""MultiPoint"",""coordinates"":[]}"
161_0,0.5214,"{""type"":""MultiPoint"",""coordinates"":[]}"
162_0,0.3168,"{""type"":""MultiPoint"",""coordinates"":[]}"
163_0,0.2422,"{""type"":""MultiPoint"",""coordinates"":[]}"
164_0,0.2805,"{""type"":""MultiPoint"",""coordinates"":[]}"
165_0,0.5428000000000001,"{""type"":""MultiPoint"",""coordinates"":[]}"
166_0,0.5091,"{""type"":""MultiPoint"",""coordinates"":[]}"
167_0,0.2515,"{""type"":""MultiPoint"",""coordinates"":[]}"
168_0,0.2466,"{""type"":""MultiPoint"",""coordinates"":[]}"
169_0,0.3952,"{""type"":""MultiPoint"",""coordinates"":[]}"
170_0,0.5973,"{""type"":""MultiPoint"",""coordinates"":[]}"
171_0,0.15940000000000001,"{""type"":""MultiPoint"",""coordinates"":[]}"
172_0,0.35750000000000004,"{""type"":""MultiPoint"",""coordinates"":[]}"
173_0,0.4113,"{""type"":""MultiPoint"",""coordinates"":[]}"
174_0,0.3572,"{""type"":""MultiPoint"",""coordinates"":[]}"
175_0,0.5801000000000001,"{""type"":""MultiPoint"",""coordinates"":[]}"
176_0,0.388,"{""type"":""MultiPoint"",""coordinates"":[]}"
177_0,0.42510000000000003,"{""type"":""MultiPoint"",""coordinates"":[]}"
178_0,0.4546,"{""type"":""MultiPoint"",""coordinates"":[]}"
179_0,0.40790000000000004,"{""type"":""MultiPoint"",""coordinates"":[]}"
180_0,0.27790000000000004,"{""type"":""MultiPoint"",""coordinates"":[]}"
181_0,0.3613,"{""type"":""MultiPoint"",""coordinates"":[]}"
182_0,0.6129,"{""type"":""MultiPoint"",""coordinates"":[]}"
183_0,0.3085,"{""type"":""MultiPoint"",""coordinates"":[]}"
184_0,0.6023000000000001,"{""type"":""MultiPoint"",""coordinates"":[]}"
185_0,0.8066,"{""type"":""MultiPoint"",""coordinates"":[]}"
186_0,0.306,"{""type"":""MultiPoint"",""coordinates"":[]}"
187_0,0.2088,"{""type"":""MultiPoint"",""coordinates"":[]}"
188_0,0.5795,"{""type"":""MultiPoint"",""coordinates"":[]}"
189_0,0.3806,"{""type"":""MultiPoint"",""coordinates"":[]}"
190_0,0.11910000000000001,"{""type"":""MultiPoint"",""coordinates"":[]}"
191_0,0.2662,"{""type"":""MultiPoint"",""coordinates"":[]}"
192_0,0.4072,"{""type"":""MultiPoint"",""coordinates"":[]}"
193_0,0.3642,"{""type"":""MultiPoint"",""coordinates"":[]}"
194_0,0.2268,"{""type"":""MultiPoint"",""coordinates"":[]}"
195_0,0.5564,"{""type"":""MultiPoint"",""coordinates"":[]}"
196_0,0.2904,"{""type"":""MultiPoint"",""coordinates"":[]}"
197_0,0.5485,"{""type"":""MultiPoint"",""coordinates"":[]}"
198_0,0.4022,"{""type"":""MultiPoint"",""coordinates"":[]}"
199_0,0.5697,"{""type"":""MultiPoint"",""coordinates"":[]}"
200_0,0.42410000000000003,"{""type"":""MultiPoint"",""coordinates"":[]}"
201_0,0.4146,"{""type"":""MultiPoint"",""coordinates"":[]}"
202_0,0.40230000000000005,"{""type"":""MultiPoint"",""coordinates"":[]}"
203_0,0.2494,"{""type"":""MultiPoint"",""coordinates"":[]}"
204_0,0.4506,"{""type"":""MultiPoint"",""coordinates"":[]}"
205_0,0.4257,"{""type"":""MultiPoint"",""coordinates"":[]}"
206_0,0.3821,"{""type"":""MultiPoint"",""coordinates"":[]}"
207_0,0.6772,"{""type"":""MultiPoint"",""coordinates"":[]}"
209_0,0.43770000000000003,"{""type"":""MultiPoint"",""coordinates"":[]}"
210_0,0.251,"{""type"":""MultiPoint"",""coordinates"":[]}"
211_0,0.12940000000000002,"{""type"":""MultiPoint"",""coordinates"":[]}"
212_0,0.2281,"{""type"":""MultiPoint"",""coordinates"":[]}"
213_0,0.3437,"{""type"":""MultiPoint"",""coordinates"":[]}"
214_0,0.23750000000000002,"{""type"":""MultiPoint"",""coordinates"":[]}"
216_0,0.38730000000000003,"{""type"":""MultiPoint"",""coordinates"":[]}"
217_0,0.3411,"{""type"":""MultiPoint"",""coordinates"":[]}"
218_0,0.2313,"{""type"":""MultiPoint"",""coordinates"":[]}"
219_0,0.2222,"{""type"":""MultiPoint"",""coordinates"":[]}"
220_0,0.3301,"{""type"":""MultiPoint"",""coordinates"":[]}"
221_0,0.2918,"{""type"":""MultiPoint"",""coordinates"":[]}"
222_0,0.47900000000000004,"{""type"":""MultiPoint"",""coordinates"":[]}"
223_0,0.6009,"{""type"":""MultiPoint"",""coordinates"":[]}"
224_0,0.341,"{""type"":""MultiPoint"",""coordinates"":[]}"
225_0,0.0582,"{""type"":""MultiPoint"",""coordinates"":[]}"
226_0,0.401,"{""type"":""MultiPoint"",""coordinates"":[]}"
227_0,0.1625,"{""type"":""MultiPoint"",""coordinates"":[]}"
228_0,0.3926,"{""type"":""MultiPoint"",""coordinates"":[]}"
229_0,0.4567,"{""type"":""MultiPoint"",""coordinates"":[]}"
230_0,0.35600000000000004,"{""type"":""MultiPoint"",""coordinates"":[]}"
231_0,0.3804,"{""type"":""MultiPoint"",""coordinates"":[]}"
232_0,0.2235,"{""type"":""MultiPoint"",""coordinates"":[]}"
233_0,0.46330000000000005,"{""type"":""MultiPoint"",""coordinates"":[]}"
234_0,0.4294,"{""type"":""MultiPoint"",""coordinates"":[]}"
235_0,0.23140000000000002,"{""type"":""MultiPoint"",""coordinates"":[]}"
236_0,0.37460000000000004,"{""type"":""MultiPoint"",""coordinates"":[]}"
237_0,0.16110000000000002,"{""type"":""MultiPoint"",""coordinates"":[]}"
238_0,0.39490000000000003,"{""type"":""MultiPoint"",""coordinates"":[]}"
239_0,0.5615,"{""type"":""MultiPoint"",""coordinates"":[]}"
240_0,0.5141,"{""type"":""MultiPoint"",""coordinates"":[]}"
241_0,0.2738,"{""type"":""MultiPoint"",""coordinates"":[]}"
242_0,0.1403,"{""type"":""MultiPoint"",""coordinates"":[]}"
243_0,0.3679,"{""type"":""MultiPoint"",""coordinates"":[]}"
244_0,0.20500000000000002,"{""type"":""MultiPoint"",""coordinates"":[]}"
245_0,0.3447,"{""type"":""MultiPoint"",""coordinates"":[]}"
247_0,0.30770000000000003,"{""type"":""MultiPoint"",""coordinates"":[]}"
248_0,0.2619,"{""type"":""MultiPoint"",""coordinates"":[]}"
249_0,0.4758,"{""type"":""MultiPoint"",""coordinates"":[]}"
250_0,0.3996,"{""type"":""MultiPoint"",""coordinates"":[]}"
251_0,0.2303,"{""type"":""MultiPoint"",""coordinates"":[]}"
252_0,0.4092,"{""type"":""MultiPoint"",""coordinates"":[]}"
253_0,0.4582,"{""type"":""MultiPoint"",""coordinates"":[]}"
255_0,0.39930000000000004,"{""type"":""MultiPoint"",""coordinates"":[]}"
256_0,0.35450000000000004,"{""type"":""MultiPoint"",""coordinates"":[]}"
257_0,0.5743,"{""type"":""MultiPoint"",""coordinates"":[]}"
258_0,0.40950000000000003,"{""type"":""MultiPoint"",""coordinates"":[]}"
259_0,0.4057,"{""type"":""MultiPoint"",""coordinates"":[]}"
260_0,0.31980000000000003,"{""type"":""MultiPoint"",""coordinates"":[]}"
261_0,0.2899,"{""type"":""MultiPoint"",""coordinates"":[]}"
262_0,0.32,"{""type"":""MultiPoint"",""coordinates"":[]}"
263_0,0.4142,"{""type"":""MultiPoint"",""coordinates"":[]}"
264_0,0.4002,"{""type"":""MultiPoint"",""coordinates"":[]}"
265_0,0.2082,"{""type"":""MultiPoint"",""coordinates"":[]}"
266_0,0.5058,"{""type"":""MultiPoint"",""coordinates"":[]}"
267_0,0.45520000000000005,"{""type"":""MultiPoint"",""coordinates"":[]}"
268_0,0.43110000000000004,"{""type"":""MultiPoint"",""coordinates"":[]}"
269_0,0.1801,"{""type"":""MultiPoint"",""coordinates"":[]}"
270_0,0.3558,"{""type"":""MultiPoint"",""coordinates"":[]}"
271_0,0.36200000000000004,"{""type"":""MultiPoint"",""coordinates"":[]}"
272_0,0.49050000000000005,"{""type"":""MultiPoint"",""coordinates"":[]}"
273_0,0.2504,"{""type"":""MultiPoint"",""coordinates"":[]}"
274_0,0.31820000000000004,"{""type"":""MultiPoint"",""coordinates"":[]}"
275_0,0.12000000000000001,"{""type"":""MultiPoint"",""coordinates"":[]}"
276_0,0.2074,"{""type"":""MultiPoint"",""coordinates"":[]}"
277_0,0.3955,"{""type"":""MultiPoint"",""coordinates"":[]}"
278_0,0.319,"{""type"":""MultiPoint"",""coordinates"":[]}"
279_0,0.1862,"{""type"":""MultiPoint"",""coordinates"":[]}"
280_0,0.3015,"{""type"":""MultiPoint"",""coordinates"":[]}"
281_0,0.37320000000000003,"{""type"":""MultiPoint"",""coordinates"":[]}"
282_0,0.3057,"{""type"":""MultiPoint"",""coordinates"":[]}"
283_0,0.5,"{""type"":""MultiPoint"",""coordinates"":[]}"
284_0,0.38980000000000004,"{""type"":""MultiPoint"",""coordinates"":[]}"
285_0,0.45070000000000005,"{""type"":""MultiPoint"",""coordinates"":[]}"
286_0,0.2514,"{""type"":""MultiPoint"",""coordinates"":[]}"
287_0,0.3642,"{""type"":""MultiPoint"",""coordinates"":[]}"
289_0,0.1836,"{""type"":""MultiPoint"",""coordinates"":[]}"
290_0,0.42760000000000004,"{""type"":""MultiPoint"",""coordinates"":[]}"
291_0,0.33230000000000004,"{""type"":""MultiPoint"",""coordinates"":[]}"
292_0,0.5208,"{""type"":""MultiPoint"",""coordinates"":[]}"
293_0,0.2906,"{""type"":""MultiPoint"",""coordinates"":[]}"
294_0,0.26630000000000004,"{""type"":""MultiPoint"",""coordinates"":[]}"
295_0,0.2793,"{""type"":""MultiPoint"",""coordinates"":[]}"
296_0,0.26980000000000004,"{""type"":""MultiPoint"",""coordinates"":[]}"
297_0,0.4204,"{""type"":""MultiPoint"",""coordinates"":[]}"
298_0,0.5273,"{""type"":""MultiPoint"",""coordinates"":[]}"
299_0,0.6051000000000001,"{""type"":""MultiPoint"",""coordinates"":[]}"
300_0,0.2959,"{""type"":""MultiPoint"",""coordinates"":[]}"
301_0,0.534,"{""type"":""MultiPoint"",""coordinates"":[]}"
302_0,0.32680000000000003,"{""type"":""MultiPoint"",""coordinates"":[]}"
303_0,0.38730000000000003,"{""type"":""MultiPoint"",""coordinates"":[]}"
305_0,0.198,"{""type"":""MultiPoint"",""coordinates"":[]}"
306_0,0.41800000000000004,"{""type"":""MultiPoint"",""coordinates"":[]}"
307_0,0.1106,"{""type"":""MultiPoint"",""coordinates"":[]}"
308_0,0.7888000000000001,"{""type"":""MultiPoint"",""coordinates"":[]}"
309_0,0.3274,"{""type"":""MultiPoint"",""coordinates"":[]}"
310_0,0.38070000000000004,"{""type"":""MultiPoint"",""coordinates"":[]}"
311_0,0.22110000000000002,"{""type"":""MultiPoint"",""coordinates"":[]}"
312_0,0.2838,"{""type"":""MultiPoint"",""coordinates"":[]}"
313_0,0.1038,"{""type"":""MultiPoint"",""coordinates"":[]}"
314_0,0.4344,"{""type"":""MultiPoint"",""coordinates"":[]}"
315_0,0.21350000000000002,"{""type"":""MultiPoint"",""coordinates"":[]}"
316_0,0.23290000000000002,"{""type"":""MultiPoint"",""coordinates"":[]}"
317_0,0.8293,"{""type"":""MultiPoint"",""coordinates"":[]}"
318_0,0.44260000000000005,"{""type"":""MultiPoint"",""coordinates"":[]}"
319_0,0.4238,"{""type"":""MultiPoint"",""coordinates"":[]}"
320_0,0.2541,"{""type"":""MultiPoint"",""coordinates"":[]}"
321_0,0.132,"{""type"":""MultiPoint"",""coordinates"":[]}"
322_0,0.453,"{""type"":""MultiPoint"",""coordinates"":[]}"
323_0,0.3946,"{""type"":""MultiPoint"",""coordinates"":[]}"
324_0,0.2202,"{""type"":""MultiPoint"",""coordinates"":[]}"
325_0,0.2894,"{""type"":""MultiPoint"",""coordinates"":[]}"
326_0,0.1942,"{""type"":""MultiPoint"",""coordinates"":[]}"
327_0,0.5259,"{""type"":""MultiPoint"",""coordinates"":[]}"
328_0,0.2731,"{""type"":""MultiPoint"",""coordinates"":[]}"
329_0,0.2823,"{""type"":""MultiPoint"",""coordinates"":[]}"
330_0,0.36860000000000004,"{""type"":""MultiPoint"",""coordinates"":[]}"
331_0,0.2162,"{""type"":""MultiPoint"",""coordinates"":[]}"
332_0,0.7525000000000001,"{""type"":""MultiPoint"",""coordinates"":[]}"
333_0,0.0557,"{""type"":""MultiPoint"",""coordinates"":[]}"
334_0,0.627,"{""type"":""MultiPoint"",""coordinates"":[]}"
335_0,0.2958,"{""type"":""MultiPoint"",""coordinates"":[]}"
336_0,0.37270000000000003,"{""type"":""MultiPoint"",""coordinates"":[]}"
337_0,0.5502,"{""type"":""MultiPoint"",""coordinates"":[]}"
338_0,0.4052,"{""type"":""MultiPoint"",""coordinates"":[]}"
339_0,0.2049,"{""type"":""MultiPoint"",""coordinates"":[]}"
340_0,0.2962,"{""type"":""MultiPoint"",""coordinates"":[]}"
341_0,0.5834,"{""type"":""MultiPoint"",""coordinates"":[]}"
342_0,0.3709,"{""type"":""MultiPoint"",""coordinates"":[]}"
343_0,0.2664,"{""type"":""MultiPoint"",""coordinates"":[]}"
344_0,0.4408,"{""type"":""MultiPoint"",""coordinates"":[]}"
345_0,0.6225,"{""type"":""MultiPoint"",""coordinates"":[]}"
346_0,0.44370000000000004,"{""type"":""MultiPoint"",""coordinates"":[]}"
347_0,0.6003000000000001,"{""type"":""MultiPoint"",""coordinates"":[]}"
348_0,0.5561,"{""type"":""MultiPoint"",""coordinates"":[]}"
349_0,0.3758,"{""type"":""MultiPoint"",""coordinates"":[]}"
350_0,0.3214,"{""type"":""MultiPoint"",""coordinates"":[]}"
351_0,0.5863,"{""type"":""MultiPoint"",""coordinates"":[]}"
352_0,0.5607,"{""type"":""MultiPoint"",""coordinates"":[]}"
353_0,0.39580000000000004,"{""type"":""MultiPoint"",""coordinates"":[]}"
354_0,0.2818,"{""type"":""MultiPoint"",""coordinates"":[]}"
355_0,0.2204,"{""type"":""MultiPoint"",""coordinates"":[]}"
356_0,0.68,"{""type"":""MultiPoint"",""coordinates"":[]}"
357_0,0.3975,"{""type"":""MultiPoint"",""coordinates"":[]}"
358_0,0.3734,"{""type"":""MultiPoint"",""coordinates"":[]}"
359_0,0.23500000000000001,"{""type"":""MultiPoint"",""coordinates"":[]}"
360_0,0.5720000000000001,"{""type"":""MultiPoint"",""coordinates"":[]}"
361_0,0.3287,"{""type"":""MultiPoint"",""coordinates"":[]}"
362_0,0.2358,"{""type"":""MultiPoint"",""coordinates"":[]}"
363_0,0.38020000000000004,"{""type"":""MultiPoint"",""coordinates"":[]}"
364_0,0.4454,"{""type"":""MultiPoint"",""coordinates"":[]}"
365_0,0.431,"{""type"":""MultiPoint"",""coordinates"":[]}"
366_0,0.2929,"{""type"":""MultiPoint"",""coordinates"":[]}"
367_0,0.3776,"{""type"":""MultiPoint"",""coordinates"":[]}"
368_0,0.4072,"{""type"":""MultiPoint"",""coordinates"":[]}"
369_0,0.16590000000000002,"{""type"":""MultiPoint"",""coordinates"":[]}"
370_0,0.1864,"{""type"":""MultiPoint"",""coordinates"":[]}"
371_0,0.3478,"{""type"":""MultiPoint"",""coordinates"":[]}"
372_0,0.3173,"{""type"":""MultiPoint"",""coordinates"":[]}"
373_0,0.3299,"{""type"":""MultiPoint"",""coordinates"":[]}"
374_0,0.3095,"{""type"":""MultiPoint"",""coordinates"":[]}"
375_0,0.2174,"{""type"":""MultiPoint"",""coordinates"":[]}"
376_0,0.3795,"{""type"":""MultiPoint"",""coordinates"":[]}"
377_0,0.3426,"{""type"":""MultiPoint"",""coordinates"":[]}"
378_0,0.5398000000000001,"{""type"":""MultiPoint"",""coordinates"":[]}"
379_0,0.21230000000000002,"{""type"":""MultiPoint"",""coordinates"":[]}"
380_0,0.48100000000000004,"{""type"":""MultiPoint"",""coordinates"":[]}"
381_0,0.38420000000000004,"{""type"":""MultiPoint"",""coordinates"":[]}"
382_0,0.4888,"{""type"":""MultiPoint"",""coordinates"":[]}"
383_0,0.4036,"{""type"":""MultiPoint"",""coordinates"":[]}"
384_0,0.2346,"{""type"":""MultiPoint"",""coordinates"":[]}"
385_0,0.34040000000000004,"{""type"":""MultiPoint"",""coordinates"":[]}"
386_0,0.4393,"{""type"":""MultiPoint"",""coordinates"":[]}"
387_0,0.4183,"{""type"":""MultiPoint"",""coordinates"":[]}"
388_0,0.2831,"{""type"":""MultiPoint"",""coordinates"":[]}"
389_0,0.3922,"{""type"":""MultiPoint"",""coordinates"":[]}"
390_0,0.3002,"{""type"":""MultiPoint"",""coordinates"":[]}"
391_0,0.5073,"{""type"":""MultiPoint"",""coordinates"":[]}"
392_0,0.4343,"{""type"":""MultiPoint"",""coordinates"":[]}"
393_0,0.5125000000000001,"{""type"":""MultiPoint"",""coordinates"":[]}"
394_0,0.5113,"{""type"":""MultiPoint"",""coordinates"":[]}"
395_0,0.4394,"{""type"":""MultiPoint"",""coordinates"":[]}"
396_0,0.44210000000000005,"{""type"":""MultiPoint"",""coordinates"":[]}"
397_0,0.32730000000000004,"{""type"":""MultiPoint"",""coordinates"":[]}"
398_0,0.2858,"{""type"":""MultiPoint"",""coordinates"":[]}"
399_0,0.38930000000000003,"{""type"":""MultiPoint"",""coordinates"":[]}"
400_0,0.1698,"{""type"":""MultiPoint"",""coordinates"":[]}"
401_0,0.17980000000000002,"{""type"":""MultiPoint"",""coordinates"":[]}"
402_0,0.5455,"{""type"":""MultiPoint"",""coordinates"":[]}"
403_0,0.2434,"{""type"":""MultiPoint"",""coordinates"":[]}"
404_0,0.1978,"{""type"":""MultiPoint"",""coordinates"":[]}"
406_0,0.23220000000000002,"{""type"":""MultiPoint"",""coordinates"":[]}"
407_0,0.3638,"{""type"":""MultiPoint"",""coordinates"":[]}"
408_0,0.5066,"{""type"":""MultiPoint"",""coordinates"":[]}"
409_0,0.37260000000000004,"{""type"":""MultiPoint"",""coordinates"":[]}"
410_0,0.3789,"{""type"":""MultiPoint"",""coordinates"":[]}"
411_0,0.19590000000000002,"{""type"":""MultiPoint"",""coordinates"":[]}"
412_0,0.5832,"{""type"":""MultiPoint"",""coordinates"":[]}"
413_0,0.40800000000000003,"{""type"":""MultiPoint"",""coordinates"":[]}"
414_0,0.6243000000000001,"{""type"":""MultiPoint"",""coordinates"":[]}"
415_0,0.2426,"{""type"":""MultiPoint"",""coordinates"":[]}"
416_0,0.30060000000000003,"{""type"":""MultiPoint"",""coordinates"":[]}"
417_0,0.4423,"{""type"":""MultiPoint"",""coordinates"":[]}"
418_0,0.42310000000000003,"{""type"":""MultiPoint"",""coordinates"":[]}"
419_0,0.4033,"{""type"":""MultiPoint"",""coordinates"":[]}"
420_0,0.4761,"{""type"":""MultiPoint"",""coordinates"":[]}"
421_0,0.5730000000000001,"{""type"":""MultiPoint"",""coordinates"":[]}"
422_0,0.5615,"{""type"":""MultiPoint"",""coordinates"":[]}"
423_0,0.1426,"{""type"":""MultiPoint"",""coordinates"":[]}"
424_0,0.25420000000000004,"{""type"":""MultiPoint"",""coordinates"":[]}"
425_0,0.3871,"{""type"":""MultiPoint"",""coordinates"":[]}"
426_0,0.8261000000000001,"{""type"":""MultiPoint"",""coordinates"":[]}"
427_0,0.6935,"{""type"":""MultiPoint"",""coordinates"":[]}"
428_0,0.5461,"{""type"":""MultiPoint"",""coordinates"":[]}"
429_0,0.47540000000000004,"{""type"":""MultiPoint"",""coordinates"":[]}"
430_0,0.40990000000000004,"{""type"":""MultiPoint"",""coordinates"":[]}"
431_0,0.2185,"{""type"":""MultiPoint"",""coordinates"":[]}"
432_0,0.3276,"{""type"":""MultiPoint"",""coordinates"":[]}"
433_0,0.5885,"{""type"":""MultiPoint"",""coordinates"":[]}"
434_0,0.2993,"{""type"":""MultiPoint"",""coordinates"":[]}"
435_0,0.18080000000000002,"{""type"":""MultiPoint"",""coordinates"":[]}"
436_0,0.3906,"{""type"":""MultiPoint"",""coordinates"":[]}"
437_0,0.42100000000000004,"{""type"":""MultiPoint"",""coordinates"":[]}"
438_0,0.5772,"{""type"":""MultiPoint"",""coordinates"":[]}"
439_0,0.2587,"{""type"":""MultiPoint"",""coordinates"":[]}"
440_0,0.3633,"{""type"":""MultiPoint"",""coordinates"":[]}"
441_0,0.1686,"{""type"":""MultiPoint"",""coordinates"":[]}"
442_0,0.46840000000000004,"{""type"":""MultiPoint"",""coordinates"":[]}"
443_0,0.34940000000000004,"{""type"":""MultiPoint"",""coordinates"":[]}"
444_0,0.44220000000000004,"{""type"":""MultiPoint"",""coordinates"":[]}"
445_0,0.8172,"{""type"":""MultiPoint"",""coordinates"":[]}"
446_0,0.4126,"{""type"":""MultiPoint"",""coordinates"":[]}"
447_0,0.4022,"{""type"":""MultiPoint"",""coordinates"":[]}"
448_0,0.6631,"{""type"":""MultiPoint"",""coordinates"":[]}"
449_0,0.2644,"{""type"":""MultiPoint"",""coordinates"":[]}"
450_0,0.2866,"{""type"":""MultiPoint"",""coordinates"":[]}"
451_0,0.32430000000000003,"{""type"":""MultiPoint"",""coordinates"":[]}"
452_0,0.2782,"{""type"":""MultiPoint"",""coordinates"":[]}"
453_0,0.7627,"{""type"":""MultiPoint"",""coordinates"":[]}"
454_0,0.44420000000000004,"{""type"":""MultiPoint"",""coordinates"":[]}"
455_0,0.44270000000000004,"{""type"":""MultiPoint"",""coordinates"":[]}"
456_0,0.5897,"{""type"":""MultiPoint"",""coordinates"":[]}"
457_0,0.28,"{""type"":""MultiPoint"",""coordinates"":[]}"
458_0,0.796,"{""type"":""MultiPoint"",""coordinates"":[]}"
459_0,0.36510000000000004,"{""type"":""MultiPoint"",""coordinates"":[]}"
460_0,0.4102,"{""type"":""MultiPoint"",""coordinates"":[]}"
461_0,0.49470000000000003,"{""type"":""MultiPoint"",""coordinates"":[]}"
462_0,0.5464,"{""type"":""MultiPoint"",""coordinates"":[]}"
463_0,0.41250000000000003,"{""type"":""MultiPoint"",""coordinates"":[]}"
464_0,0.4405,"{""type"":""MultiPoint"",""coordinates"":[]}"
465_0,0.1762,"{""type"":""MultiPoint"",""coordinates"":[]}"
466_0,0.5364,"{""type"":""MultiPoint"",""coordinates"":[]}"
467_0,0.2209,"{""type"":""MultiPoint"",""coordinates"":[]}"
469_0,0.3418,"{""type"":""MultiPoint"",""coordinates"":[]}"
470_0,0.2766,"{""type"":""MultiPoint"",""coordinates"":[]}"
471_0,0.28250000000000003,"{""type"":""MultiPoint"",""coordinates"":[]}"
472_0,0.226,"{""type"":""MultiPoint"",""coordinates"":[]}"
473_0,0.2837,"{""type"":""MultiPoint"",""coordinates"":[]}"
474_0,0.4234,"{""type"":""MultiPoint"",""coordinates"":[]}"
475_0,0.3138,"{""type"":""MultiPoint"",""coordinates"":[]}"
476_0,0.3738,"{""type"":""MultiPoint"",""coordinates"":[]}"
477_0,0.1525,"{""type"":""MultiPoint"",""coordinates"":[]}"
478_0,0.1553,"{""type"":""MultiPoint"",""coordinates"":[]}"
479_0,0.3335,"{""type"":""MultiPoint"",""coordinates"":[]}"
480_0,0.3997,"{""type"":""MultiPoint"",""coordinates"":[]}"
481_0,0.28300000000000003,"{""type"":""MultiPoint"",""coordinates"":[]}"
482_0,0.24930000000000002,"{""type"":""MultiPoint"",""coordinates"":[]}"
483_0,0.2215,"{""type"":""MultiPoint"",""coordinates"":[]}"
484_0,0.22870000000000001,"{""type"":""MultiPoint"",""coordinates"":[]}"
485_0,0.47900000000000004,"{""type"":""MultiPoint"",""coordinates"":[]}"
486_0,0.5781000000000001,"{""type"":""MultiPoint"",""coordinates"":[]}"
487_0,0.21480000000000002,"{""type"":""MultiPoint"",""coordinates"":[]}"
488_0,0.4234,"{""type"":""MultiPoint"",""coordinates"":[]}"
489_0,0.1749,"{""type"":""MultiPoint"",""coordinates"":[]}"
490_0,0.3133,"{""type"":""MultiPoint"",""coordinates"":[]}"
491_0,0.0839,"{""type"":""MultiPoint"",""coordinates"":[]}"
492_0,0.5439,"{""type"":""MultiPoint"",""coordinates"":[]}"
493_0,0.3249,"{""type"":""MultiPoint"",""coordinates"":[]}"
494_0,0.28350000000000003,"{""type"":""MultiPoint"",""coordinates"":[]}"
495_0,0.32430000000000003,"{""type"":""MultiPoint"",""coordinates"":[]}"
496_0,0.309,"{""type"":""MultiPoint"",""coordinates"":[]}"
497_0,0.3602,"{""type"":""MultiPoint"",""coordinates"":[]}"
498_0,0.42060000000000003,"{""type"":""MultiPoint"",""coordinates"":[]}"
499_0,0.30460000000000004,"{""type"":""MultiPoint"",""coordinates"":[]}"
500_0,0.31930000000000003,"{""type"":""MultiPoint"",""coordinates"":[]}"
501_0,0.3658,"{""type"":""MultiPoint"",""coordinates"":[]}"
502_0,0.1358,"{""type"":""MultiPoint"",""coordinates"":[]}"
503_0,0.5777,"{""type"":""MultiPoint"",""coordinates"":[]}"
504_0,0.38370000000000004,"{""type"":""MultiPoint"",""coordinates"":[]}"
505_0,0.34800000000000003,"{""type"":""MultiPoint"",""coordinates"":[]}"
506_0,0.6081,"{""type"":""MultiPoint"",""coordinates"":[]}"
507_0,0.5784,"{""type"":""MultiPoint"",""coordinates"":[]}"
508_0,0.2136,"{""type"":""MultiPoint"",""coordinates"":[]}"
509_0,0.2934,"{""type"":""MultiPoint"",""coordinates"":[]}"
510_0,0.1957,"{""type"":""MultiPoint"",""coordinates"":[]}"
511_0,0.2394,"{""type"":""MultiPoint"",""coordinates"":[]}"
512_0,0.1956,"{""type"":""MultiPoint"",""coordinates"":[]}"
513_0,0.3992,"{""type"":""MultiPoint"",""coordinates"":[]}"
514_0,0.48610000000000003,"{""type"":""MultiPoint"",""coordinates"":[]}"
516_0,0.11800000000000001,"{""type"":""MultiPoint"",""coordinates"":[]}"
517_0,0.46990000000000004,"{""type"":""MultiPoint"",""coordinates"":[]}"
518_0,0.3478,"{""type"":""MultiPoint"",""coordinates"":[]}"
519_0,0.2446,"{""type"":""MultiPoint"",""coordinates"":[]}"
520_0,0.5387000000000001,"{""type"":""MultiPoint"",""coordinates"":[]}"
521_0,0.2892,"{""type"":""MultiPoint"",""coordinates"":[]}"
522_0,0.47400000000000003,"{""type"":""MultiPoint"",""coordinates"":[]}"
523_0,0.323,"{""type"":""MultiPoint"",""coordinates"":[]}"
524_0,0.2028,"{""type"":""MultiPoint"",""coordinates"":[]}"
525_0,0.0771,"{""type"":""MultiPoint"",""coordinates"":[]}"
526_0,0.46030000000000004,"{""type"":""MultiPoint"",""coordinates"":[]}"
527_0,0.3814,"{""type"":""MultiPoint"",""coordinates"":[]}"
528_0,0.3342,"{""type"":""MultiPoint"",""coordinates"":[]}"
529_0,0.3907,"{""type"":""MultiPoint"",""coordinates"":[]}"
531_0,0.3714,"{""type"":""MultiPoint"",""coordinates"":[]}"
532_0,0.4229,"{""type"":""MultiPoint"",""coordinates"":[]}"
533_0,0.3622,"{""type"":""MultiPoint"",""coordinates"":[]}"
534_0,0.2384,"{""type"":""MultiPoint"",""coordinates"":[]}"
535_0,0.44670000000000004,"{""type"":""MultiPoint"",""coordinates"":[]}"
536_0,0.43660000000000004,"{""type"":""MultiPoint"",""coordinates"":[]}"
537_0,0.8186,"{""type"":""MultiPoint"",""coordinates"":[]}"
538_0,0.2366,"{""type"":""MultiPoint"",""coordinates"":[]}"
539_0,0.39480000000000004,"{""type"":""MultiPoint"",""coordinates"":[]}"
540_0,0.4471,"{""type"":""MultiPoint"",""coordinates"":[]}"
541_0,0.4741,"{""type"":""MultiPoint"",""coordinates"":[]}"
542_0,0.4208,"{""type"":""MultiPoint"",""coordinates"":[]}"
543_0,0.3562,"{""type"":""MultiPoint"",""coordinates"":[]}"
544_0,0.4446,"{""type"":""MultiPoint"",""coordinates"":[]}"
545_0,0.39640000000000003,"{""type"":""MultiPoint"",""coordinates"":[]}"
546_0,0.37120000000000003,"{""type"":""MultiPoint"",""coordinates"":[]}"
547_0,0.3043,"{""type"":""MultiPoint"",""coordinates"":[]}"
548_0,0.2526,"{""type"":""MultiPoint"",""coordinates"":[]}"
549_0,0.3534,"{""type"":""MultiPoint"",""coordinates"":[]}"
550_0,0.2851,"{""type"":""MultiPoint"",""coordinates"":[]}"
551_0,0.25170000000000003,"{""type"":""MultiPoint"",""coordinates"":[]}"
552_0,0.406,"{""type"":""MultiPoint"",""coordinates"":[]}"
553_0,0.3299,"{""type"":""MultiPoint"",""coordinates"":[]}"
554_0,0.5249,"{""type"":""MultiPoint"",""coordinates"":[]}"
555_0,0.6923,"{""type"":""MultiPoint"",""coordinates"":[]}"
556_0,0.259,"{""type"":""MultiPoint"",""coordinates"":[]}"
557_0,0.7344,"{""type"":""MultiPoint"",""coordinates"":[]}"
558_0,0.3114,"{""type"":""MultiPoint"",""coordinates"":[]}"
559_0,0.791,"{""type"":""MultiPoint"",""coordinates"":[]}"
560_0,0.5062,"{""type"":""MultiPoint"",""coordinates"":[]}"
561_0,0.20350000000000001,"{""type"":""MultiPoint"",""coordinates"":[]}"
562_0,0.42200000000000004,"{""type"":""MultiPoint"",""coordinates"":[]}"
563_0,0.1447,"{""type"":""MultiPoint"",""coordinates"":[]}"
564_0,0.3759,"{""type"":""MultiPoint"",""coordinates"":[]}"
565_0,0.14500000000000002,"{""type"":""MultiPoint"",""coordinates"":[]}"
566_0,0.5757,"{""type"":""MultiPoint"",""coordinates"":[]}"
567_0,0.5815,"{""type"":""MultiPoint"",""coordinates"":[]}"
568_0,0.19140000000000001,"{""type"":""MultiPoint"",""coordinates"":[]}"
569_0,0.3966,"{""type"":""MultiPoint"",""coordinates"":[]}"
570_0,0.645,"{""type"":""MultiPoint"",""coordinates"":[]}"
571_0,0.4978,"{""type"":""MultiPoint"",""coordinates"":[]}"
572_0,0.4325,"{""type"":""MultiPoint"",""coordinates"":[]}"
573_0,0.5011,"{""type"":""MultiPoint"",""coordinates"":[]}"
574_0,0.5822,"{""type"":""MultiPoint"",""coordinates"":[]}"
575_0,0.3845,"{""type"":""MultiPoint"",""coordinates"":[]}"
576_0,0.8653000000000001,"{""type"":""MultiPoint"",""coordinates"":[]}"
577_0,0.2131,"{""type"":""MultiPoint"",""coordinates"":[]}"
578_0,0.4778,"{""type"":""MultiPoint"",""coordinates"":[]}"
579_0,0.2114,"{""type"":""MultiPoint"",""coordinates"":[]}"
580_0,0.5171,"{""type"":""MultiPoint"",""coordinates"":[]}"
581_0,0.4116,"{""type"":""MultiPoint"",""coordinates"":[]}"
582_0,0.35650000000000004,"{""type"":""MultiPoint"",""coordinates"":[]}"
583_0,0.3699,"{""type"":""MultiPoint"",""coordinates"":[]}"
584_0,0.3745,"{""type"":""MultiPoint"",""coordinates"":[]}"
585_0,0.29600000000000004,"{""type"":""MultiPoint"",""coordinates"":[]}"
586_0,0.4703,"{""type"":""MultiPoint"",""coordinates"":[]}"
587_0,0.2757,"{""type"":""MultiPoint"",""coordinates"":[]}"
588_0,0.3058,"{""type"":""MultiPoint"",""coordinates"":[]}"
589_0,0.4096,"{""type"":""MultiPoint"",""coordinates"":[]}"
590_0,0.5351,"{""type"":""MultiPoint"",""coordinates"":[]}"
591_0,0.2617,"{""type"":""MultiPoint"",""coordinates"":[]}"
592_0,0.6077,"{""type"":""MultiPoint"",""coordinates"":[]}"
593_0,0.2721,"{""type"":""MultiPoint"",""coordinates"":[]}"
594_0,0.2535,"{""type"":""MultiPoint"",""coordinates"":[]}"
595_0,0.4127,"{""type"":""MultiPoint"",""coordinates"":[]}"
596_0,0.2944,"{""type"":""MultiPoint"",""coordinates"":[]}"
597_0,0.2452,"{""type"":""MultiPoint"",""coordinates"":[]}"
598_0,0.225,"{""type"":""MultiPoint"",""coordinates"":[]}"
599_0,0.19740000000000002,"{""type"":""MultiPoint"",""coordinates"":[]}"
600_0,0.2636,"{""type"":""MultiPoint"",""coordinates"":[]}"
601_0,0.389,"{""type"":""MultiPoint"",""coordinates"":[]}"
602_0,0.40390000000000004,"{""type"":""MultiPoint"",""coordinates"":[]}"
603_0,0.8009000000000001,"{""type"":""MultiPoint"",""coordinates"":[]}"
604_0,0.4078,"{""type"":""MultiPoint"",""coordinates"":[]}"
605_0,0.1014,"{""type"":""MultiPoint"",""coordinates"":[]}"
606_0,0.22190000000000001,"{""type"":""MultiPoint"",""coordinates"":[]}"
607_0,0.3718,"{""type"":""MultiPoint"",""coordinates"":[]}"
608_0,0.21960000000000002,"{""type"":""MultiPoint"",""coordinates"":[]}"
609_0,0.49570000000000003,"{""type"":""MultiPoint"",""coordinates"":[]}"
610_0,0.1456,"{""type"":""MultiPoint"",""coordinates"":[]}"
611_0,0.40750000000000003,"{""type"":""MultiPoint"",""coordinates"":[]}"
612_0,0.28950000000000004,"{""type"":""MultiPoint"",""coordinates"":[]}"
613_0,0.6224000000000001,"{""type"":""MultiPoint"",""coordinates"":[]}"
614_0,0.5563,"{""type"":""MultiPoint"",""coordinates"":[]}"
615_0,0.2795,"{""type"":""MultiPoint"",""coordinates"":[]}"
616_0,0.1521,"{""type"":""MultiPoint"",""coordinates"":[]}"
617_0,0.11670000000000001,"{""type"":""MultiPoint"",""coordinates"":[]}"
618_0,0.2406,"{""type"":""MultiPoint"",""coordinates"":[]}"
619_0,0.5666,"{""type"":""MultiPoint"",""coordinates"":[]}"
620_0,0.47900000000000004,"{""type"":""MultiPoint"",""coordinates"":[]}"
621_0,0.20120000000000002,"{""type"":""MultiPoint"",""coordinates"":[]}"
622_0,0.2649,"{""type"":""MultiPoint"",""coordinates"":[]}"
623_0,0.2752,"{""type"":""MultiPoint"",""coordinates"":[]}"
624_0,0.2466,"{""type"":""MultiPoint"",""coordinates"":[]}"
626_0,0.5766,"{""type"":""MultiPoint"",""coordinates"":[]}"
627_0,0.4441,"{""type"":""MultiPoint"",""coordinates"":[]}"
628_0,0.1797,"{""type"":""MultiPoint"",""coordinates"":[]}"
629_0,0.5664,"{""type"":""MultiPoint"",""coordinates"":[]}"
630_0,0.3544,"{""type"":""MultiPoint"",""coordinates"":[]}"
631_0,0.43060000000000004,"{""type"":""MultiPoint"",""coordinates"":[]}"
632_0,0.3386,"{""type"":""MultiPoint"",""coordinates"":[]}"
633_0,0.3885,"{""type"":""MultiPoint"",""coordinates"":[]}"
634_0,0.3286,"{""type"":""MultiPoint"",""coordinates"":[]}"
635_0,0.3457,"{""type"":""MultiPoint"",""coordinates"":[]}"
636_0,0.1943,"{""type"":""MultiPoint"",""coordinates"":[]}"
637_0,0.23140000000000002,"{""type"":""MultiPoint"",""coordinates"":[]}"
638_0,0.6212,"{""type"":""MultiPoint"",""coordinates"":[]}"
639_0,0.16340000000000002,"{""type"":""MultiPoint"",""coordinates"":[]}"
640_0,0.5347000000000001,"{""type"":""MultiPoint"",""coordinates"":[]}"
641_0,0.3934,"{""type"":""MultiPoint"",""coordinates"":[]}"
642_0,0.4939,"{""type"":""MultiPoint"",""coordinates"":[]}"
644_0,0.4817,"{""type"":""MultiPoint"",""coordinates"":[]}"
645_0,0.25070000000000003,"{""type"":""MultiPoint"",""coordinates"":[]}"
646_0,0.2278,"{""type"":""MultiPoint"",""coordinates"":[]}"
647_0,0.3195,"{""type"":""MultiPoint"",""coordinates"":[]}"
648_0,0.1042,"{""type"":""MultiPoint"",""coordinates"":[]}"
649_0,0.4369,"{""type"":""MultiPoint"",""coordinates"":[]}"
650_0,0.37820000000000004,"{""type"":""MultiPoint"",""coordinates"":[]}"
651_0,0.54,"{""type"":""MultiPoint"",""coordinates"":[]}"
652_0,0.4267,"{""type"":""MultiPoint"",""coordinates"":[]}"
653_0,0.4051,"{""type"":""MultiPoint"",""coordinates"":[]}"
654_0,0.39640000000000003,"{""type"":""MultiPoint"",""coordinates"":[]}"
655_0,0.2102,"{""type"":""MultiPoint"",""coordinates"":[]}"
656_0,0.742,"{""type"":""MultiPoint"",""coordinates"":[]}"
657_0,0.40240000000000004,"{""type"":""MultiPoint"",""coordinates"":[]}"
658_0,0.5642,"{""type"":""MultiPoint"",""coordinates"":[]}"
659_0,0.2409,"{""type"":""MultiPoint"",""coordinates"":[]}"
660_0,0.532,"{""type"":""MultiPoint"",""coordinates"":[]}"
661_0,0.5297000000000001,"{""type"":""MultiPoint"",""coordinates"":[]}"
662_0,0.1832,"{""type"":""MultiPoint"",""coordinates"":[]}"
663_0,0.2861,"{""type"":""MultiPoint"",""coordinates"":[]}"
664_0,0.3084,"{""type"":""MultiPoint"",""coordinates"":[]}"
665_0,0.5065000000000001,"{""type"":""MultiPoint"",""coordinates"":[]}"
666_0,0.5246000000000001,"{""type"":""MultiPoint"",""coordinates"":[]}"
667_0,0.7266,"{""type"":""MultiPoint"",""coordinates"":[]}"
668_0,0.40940000000000004,"{""type"":""MultiPoint"",""coordinates"":[]}"
669_0,0.5595,"{""type"":""MultiPoint"",""coordinates"":[]}"
670_0,0.6039,"{""type"":""MultiPoint"",""coordinates"":[]}"
671_0,0.4546,"{""type"":""MultiPoint"",""coordinates"":[]}"
672_0,0.34590000000000004,"{""type"":""MultiPoint"",""coordinates"":[]}"
673_0,0.307,"{""type"":""MultiPoint"",""coordinates"":[]}"
674_0,0.5038,"{""type"":""MultiPoint"",""coordinates"":[]}"
675_0,0.7672,"{""type"":""MultiPoint"",""coordinates"":[]}"
676_0,0.29700000000000004,"{""type"":""MultiPoint"",""coordinates"":[]}"
678_0,0.44870000000000004,"{""type"":""MultiPoint"",""coordinates"":[]}"
679_0,0.257,"{""type"":""MultiPoint"",""coordinates"":[]}"
681_0,0.4786,"{""type"":""MultiPoint"",""coordinates"":[]}"
682_0,0.5782,"{""type"":""MultiPoint"",""coordinates"":[]}"
683_0,0.2192,"{""type"":""MultiPoint"",""coordinates"":[]}"
684_0,0.6288,"{""type"":""MultiPoint"",""coordinates"":[]}"
685_0,0.33530000000000004,"{""type"":""MultiPoint"",""coordinates"":[]}"
686_0,0.5311,"{""type"":""MultiPoint"",""coordinates"":[]}"
687_0,0.2733,"{""type"":""MultiPoint"",""coordinates"":[]}"
688_0,0.1052,"{""type"":""MultiPoint"",""coordinates"":[]}"
689_0,0.5858,"{""type"":""MultiPoint"",""coordinates"":[]}"
690_0,0.4042,"{""type"":""MultiPoint"",""coordinates"":[]}"
691_0,0.2132,"{""type"":""MultiPoint"",""coordinates"":[]}"
692_0,0.49500000000000005,"{""type"":""MultiPoint"",""coordinates"":[]}"
693_0,0.5118,"{""type"":""MultiPoint"",""coordinates"":[]}"
694_0,0.1143,"{""type"":""MultiPoint"",""coordinates"":[]}"
695_0,0.1772,"{""type"":""MultiPoint"",""coordinates"":[]}"
696_0,0.30010000000000003,"{""type"":""MultiPoint"",""coordinates"":[]}"
697_0,0.24930000000000002,"{""type"":""MultiPoint"",""coordinates"":[]}"
698_0,0.4892,"{""type"":""MultiPoint"",""coordinates"":[]}"
699_0,0.2262,"{""type"":""MultiPoint"",""coordinates"":[]}"
700_0,0.2747,"{""type"":""MultiPoint"",""coordinates"":[]}"
701_0,0.232,"{""type"":""MultiPoint"",""coordinates"":[]}"
702_0,0.248,"{""type"":""MultiPoint"",""coordinates"":[]}"
704_0,0.21930000000000002,"{""type"":""MultiPoint"",""coordinates"":[]}"
705_0,0.19260000000000002,"{""type"":""MultiPoint"",""coordinates"":[]}"
706_0,0.47290000000000004,"{""type"":""MultiPoint"",""coordinates"":[]}"
707_0,0.31420000000000003,"{""type"":""MultiPoint"",""coordinates"":[]}"
708_0,0.47150000000000003,"{""type"":""MultiPoint"",""coordinates"":[]}"
709_0,0.1463,"{""type"":""MultiPoint"",""coordinates"":[]}"
710_0,0.1705,"{""type"":""MultiPoint"",""coordinates"":[]}"
711_0,0.44110000000000005,"{""type"":""MultiPoint"",""coordinates"":[]}"
712_0,0.4404,"{""type"":""MultiPoint"",""coordinates"":[]}"
713_0,0.3991,"{""type"":""MultiPoint"",""coordinates"":[]}"
714_0,0.26080000000000003,"{""type"":""MultiPoint"",""coordinates"":[]}"
715_0,0.4843,"{""type"":""MultiPoint"",""coordinates"":[]}"
716_0,0.5191,"{""type"":""MultiPoint"",""coordinates"":[]}"
717_0,0.4354,"{""type"":""MultiPoint"",""coordinates"":[]}"
718_0,0.2954,"{""type"":""MultiPoint"",""coordinates"":[]}"
719_0,0.5827,"{""type"":""MultiPoint"",""coordinates"":[]}"
720_0,0.20320000000000002,"{""type"":""MultiPoint"",""coordinates"":[]}"
721_0,0.2751,"{""type"":""MultiPoint"",""coordinates"":[]}"
722_0,0.7154,"{""type"":""MultiPoint"",""coordinates"":[]}"
723_0,0.3235,"{""type"":""MultiPoint"",""coordinates"":[]}"
724_0,0.4587,"{""type"":""MultiPoint"",""coordinates"":[]}"
725_0,0.2718,"{""type"":""MultiPoint"",""coordinates"":[]}"
726_0,0.3729,"{""type"":""MultiPoint"",""coordinates"":[]}"
727_0,0.2748,"{""type"":""MultiPoint"",""coordinates"":[]}"
728_0,0.2733,"{""type"":""MultiPoint"",""coordinates"":[]}"
729_0,0.2868,"{""type"":""MultiPoint"",""coordinates"":[]}"
730_0,0.4098,"{""type"":""MultiPoint"",""coordinates"":[]}"
731_0,0.7169,"{""type"":""MultiPoint"",""coordinates"":[]}"
732_0,0.3678,"{""type"":""MultiPoint"",""coordinates"":[]}"
733_0,0.5066,"{""type"":""MultiPoint"",""coordinates"":[]}"
734_0,0.49400000000000005,"{""type"":""MultiPoint"",""coordinates"":[]}"
735_0,0.3733,"{""type"":""MultiPoint"",""coordinates"":[]}"
736_0,0.6658000000000001,"{""type"":""MultiPoint"",""coordinates"":[]}"
737_0,0.5846,"{""type"":""MultiPoint"",""coordinates"":[]}"
738_0,0.1317,"{""type"":""MultiPoint"",""coordinates"":[]}"
739_0,0.34900000000000003,"{""type"":""MultiPoint"",""coordinates"":[]}"
740_0,0.5225000000000001,"{""type"":""MultiPoint"",""coordinates"":[]}"
741_0,0.2812,"{""type"":""MultiPoint"",""coordinates"":[]}"
742_0,0.2801,"{""type"":""MultiPoint"",""coordinates"":[]}"
743_0,0.41750000000000004,"{""type"":""MultiPoint"",""coordinates"":[]}"
744_0,0.2762,"{""type"":""MultiPoint"",""coordinates"":[]}"
745_0,0.4459,"{""type"":""MultiPoint"",""coordinates"":[]}"
746_0,0.337,"{""type"":""MultiPoint"",""coordinates"":[]}"
747_0,0.15960000000000002,"{""type"":""MultiPoint"",""coordinates"":[]}"
748_0,0.7807000000000001,"{""type"":""MultiPoint"",""coordinates"":[]}"
749_0,0.2903,"{""type"":""MultiPoint"",""coordinates"":[]}"
750_0,0.4262,"{""type"":""MultiPoint"",""coordinates"":[]}"
751_0,0.6007,"{""type"":""MultiPoint"",""coordinates"":[]}"
752_0,0.6408,"{""type"":""MultiPoint"",""coordinates"":[]}"
753_0,0.37820000000000004,"{""type"":""MultiPoint"",""coordinates"":[]}"
754_0,0.22310000000000002,"{""type"":""MultiPoint"",""coordinates"":[]}"
755_0,0.40180000000000005,"{""type"":""MultiPoint"",""coordinates"":[]}"
756_0,0.4218,"{""type"":""MultiPoint"",""coordinates"":[]}"
758_0,0.6023000000000001,"{""type"":""MultiPoint"",""coordinates"":[]}"
759_0,0.44260000000000005,"{""type"":""MultiPoint"",""coordinates"":[]}"
760_0,0.34290000000000004,"{""type"":""MultiPoint"",""coordinates"":[]}"
761_0,0.5018,"{""type"":""MultiPoint"",""coordinates"":[]}"
762_0,0.275,"{""type"":""MultiPoint"",""coordinates"":[]}"
763_0,0.2038,"{""type"":""MultiPoint"",""coordinates"":[]}"
765_0,0.269,"{""type"":""MultiPoint"",""coordinates"":[]}"
766_0,0.38180000000000003,"{""type"":""MultiPoint"",""coordinates"":[]}"
767_0,0.4041,"{""type"":""MultiPoint"",""coordinates"":[]}"
768_0,0.3516,"{""type"":""MultiPoint"",""coordinates"":[]}"
769_0,0.5849,"{""type"":""MultiPoint"",""coordinates"":[]}"
770_0,0.6087,"{""type"":""MultiPoint"",""coordinates"":[]}"
771_0,0.2174,"{""type"":""MultiPoint"",""coordinates"":[]}"
772_0,0.3048,"{""type"":""MultiPoint"",""coordinates"":[]}"
773_0,0.35350000000000004,"{""type"":""MultiPoint"",""coordinates"":[]}"
774_0,0.3866,"{""type"":""MultiPoint"",""coordinates"":[]}"
775_0,0.2655,"{""type"":""MultiPoint"",""coordinates"":[]}"
776_0,0.405,"{""type"":""MultiPoint"",""coordinates"":[]}"
778_0,0.228,"{""type"":""MultiPoint"",""coordinates"":[]}"
779_0,0.33940000000000003,"{""type"":""MultiPoint"",""coordinates"":[]}"
780_0,0.1996,"{""type"":""MultiPoint"",""coordinates"":[]}"
781_0,0.24050000000000002,"{""type"":""MultiPoint"",""coordinates"":[]}"
782_0,0.22360000000000002,"{""type"":""MultiPoint"",""coordinates"":[]}"
783_0,0.4035,"{""type"":""MultiPoint"",""coordinates"":[]}"
784_0,0.3136,"{""type"":""MultiPoint"",""coordinates"":[]}"
785_0,0.20750000000000002,"{""type"":""MultiPoint"",""coordinates"":[]}"
786_0,0.3839,"{""type"":""MultiPoint"",""coordinates"":[]}"
787_0,0.2934,"{""type"":""MultiPoint"",""coordinates"":[]}"
788_0,0.19940000000000002,"{""type"":""MultiPoint"",""coordinates"":[]}"
789_0,0.2913,"{""type"":""MultiPoint"",""coordinates"":[]}"
790_0,0.137,"{""type"":""MultiPoint"",""coordinates"":[]}"
791_0,0.1274,"{""type"":""MultiPoint"",""coordinates"":[]}"
792_0,0.395,"{""type"":""MultiPoint"",""coordinates"":[]}"
793_0,0.4166,"{""type"":""MultiPoint"",""coordinates"":[]}"
794_0,0.6382,"{""type"":""MultiPoint"",""coordinates"":[]}"
795_0,0.3703,"{""type"":""MultiPoint"",""coordinates"":[]}"
796_0,0.2174,"{""type"":""MultiPoint"",""coordinates"":[]}"
797_0,0.4717,"{""type"":""MultiPoint"",""coordinates"":[]}"
798_0,0.32780000000000004,"{""type"":""MultiPoint"",""coordinates"":[]}"
799_0,0.4146,"{""type"":""MultiPoint"",""coordinates"":[]}"
800_0,0.4792,"{""type"":""MultiPoint"",""coordinates"":[]}"
801_0,0.4787,"{""type"":""MultiPoint"",""coordinates"":[]}"
802_0,0.3416,"{""type"":""MultiPoint"",""coordinates"":[]}"
803_0,0.6582,"{""type"":""MultiPoint"",""coordinates"":[]}"
804_0,0.24600000000000002,"{""type"":""MultiPoint"",""coordinates"":[]}"
805_0,0.8749,"{""type"":""MultiPoint"",""coordinates"":[]}"
806_0,0.23,"{""type"":""MultiPoint"",""coordinates"":[]}"
807_0,0.4329,"{""type"":""MultiPoint"",""coordinates"":[]}"
808_0,0.20450000000000002,"{""type"":""MultiPoint"",""coordinates"":[]}"
809_0,0.433,"{""type"":""MultiPoint"",""coordinates"":[]}"
810_0,0.38380000000000003,"{""type"":""MultiPoint"",""coordinates"":[]}"
811_0,0.4073,"{""type"":""MultiPoint"",""coordinates"":[]}"
812_0,0.3382,"{""type"":""MultiPoint"",""coordinates"":[]}"
813_0,0.2624,"{""type"":""MultiPoint"",""coordinates"":[]}"
814_0,0.4334,"{""type"":""MultiPoint"",""coordinates"":[]}"
815_0,0.4803,"{""type"":""MultiPoint"",""coordinates"":[]}"
816_0,0.2922,"{""type"":""MultiPoint"",""coordinates"":[]}"
817_0,0.35800000000000004,"{""type"":""MultiPoint"",""coordinates"":[]}"
818_0,0.20900000000000002,"{""type"":""MultiPoint"",""coordinates"":[]}"
819_0,0.2911,"{""type"":""MultiPoint"",""coordinates"":[]}"
820_0,0.2558,"{""type"":""MultiPoint"",""coordinates"":[]}"
821_0,0.49200000000000005,"{""type"":""MultiPoint"",""coordinates"":[]}"
822_0,0.227,"{""type"":""MultiPoint"",""coordinates"":[]}"
823_0,0.3788,"{""type"":""MultiPoint"",""coordinates"":[]}"
824_0,0.34850000000000003,"{""type"":""MultiPoint"",""coordinates"":[]}"
825_0,0.7783,"{""type"":""MultiPoint"",""coordinates"":[]}"
826_0,0.21880000000000002,"{""type"":""MultiPoint"",""coordinates"":[]}"
827_0,0.40740000000000004,"{""type"":""MultiPoint"",""coordinates"":[]}"
828_0,0.2695,"{""type"":""MultiPoint"",""coordinates"":[]}"
829_0,0.31970000000000004,"{""type"":""MultiPoint"",""coordinates"":[]}"
830_0,0.5920000000000001,"{""type"":""MultiPoint"",""coordinates"":[]}"
831_0,0.4193,"{""type"":""MultiPoint"",""coordinates"":[]}"
832_0,0.3674,"{""type"":""MultiPoint"",""coordinates"":[]}"
