system:index,rsei,.geo
0_0,0.65063477,"{""type"":""MultiPoint"",""coordinates"":[]}"
1_0,0.45252103,"{""type"":""MultiPoint"",""coordinates"":[]}"
2_0,0.3221165,"{""type"":""MultiPoint"",""coordinates"":[]}"
3_0,0.6299592,"{""type"":""MultiPoint"",""coordinates"":[]}"
4_0,0.7697517,"{""type"":""MultiPoint"",""coordinates"":[]}"
5_0,0.32155403,"{""type"":""MultiPoint"",""coordinates"":[]}"
6_0,0.629751,"{""type"":""MultiPoint"",""coordinates"":[]}"
7_0,0.550975,"{""type"":""MultiPoint"",""coordinates"":[]}"
8_0,0.50696653,"{""type"":""MultiPoint"",""coordinates"":[]}"
9_0,0.5568077,"{""type"":""MultiPoint"",""coordinates"":[]}"
10_0,0.73178416,"{""type"":""MultiPoint"",""coordinates"":[]}"
11_0,0.5494256,"{""type"":""MultiPoint"",""coordinates"":[]}"
12_0,0.56986046,"{""type"":""MultiPoint"",""coordinates"":[]}"
13_0,0.6566981,"{""type"":""MultiPoint"",""coordinates"":[]}"
14_0,0.44699243,"{""type"":""MultiPoint"",""coordinates"":[]}"
15_0,0.62081695,"{""type"":""MultiPoint"",""coordinates"":[]}"
16_0,0.8461202,"{""type"":""MultiPoint"",""coordinates"":[]}"
17_0,0.5494149,"{""type"":""MultiPoint"",""coordinates"":[]}"
18_0,0.66720474,"{""type"":""MultiPoint"",""coordinates"":[]}"
19_0,0.3788171,"{""type"":""MultiPoint"",""coordinates"":[]}"
20_0,0.41875693,"{""type"":""MultiPoint"",""coordinates"":[]}"
21_0,0.7456199,"{""type"":""MultiPoint"",""coordinates"":[]}"
22_0,0.3444223,"{""type"":""MultiPoint"",""coordinates"":[]}"
23_0,0.2556698,"{""type"":""MultiPoint"",""coordinates"":[]}"
24_0,0.87277347,"{""type"":""MultiPoint"",""coordinates"":[]}"
25_0,0.8495154,"{""type"":""MultiPoint"",""coordinates"":[]}"
26_0,0.72963315,"{""type"":""MultiPoint"",""coordinates"":[]}"
27_0,0.42723215,"{""type"":""MultiPoint"",""coordinates"":[]}"
28_0,0.69855183,"{""type"":""MultiPoint"",""coordinates"":[]}"
29_0,0.48765907,"{""type"":""MultiPoint"",""coordinates"":[]}"
30_0,0.39122003,"{""type"":""MultiPoint"",""coordinates"":[]}"
31_0,0.65293634,"{""type"":""MultiPoint"",""coordinates"":[]}"
32_0,0.35811666,"{""type"":""MultiPoint"",""coordinates"":[]}"
33_0,0.5174509,"{""type"":""MultiPoint"",""coordinates"":[]}"
34_0,0.56380165,"{""type"":""MultiPoint"",""coordinates"":[]}"
35_0,0.6325219,"{""type"":""MultiPoint"",""coordinates"":[]}"
36_0,0.42995718,"{""type"":""MultiPoint"",""coordinates"":[]}"
37_0,0.5863734,"{""type"":""MultiPoint"",""coordinates"":[]}"
38_0,0.3673485,"{""type"":""MultiPoint"",""coordinates"":[]}"
39_0,0.65852076,"{""type"":""MultiPoint"",""coordinates"":[]}"
40_0,0.23936328,"{""type"":""MultiPoint"",""coordinates"":[]}"
41_0,0.5519586,"{""type"":""MultiPoint"",""coordinates"":[]}"
42_0,0.210755,"{""type"":""MultiPoint"",""coordinates"":[]}"
43_0,0.3577183,"{""type"":""MultiPoint"",""coordinates"":[]}"
44_0,0.44172826,"{""type"":""MultiPoint"",""coordinates"":[]}"
45_0,0.38796994,"{""type"":""MultiPoint"",""coordinates"":[]}"
46_0,0.4147992,"{""type"":""MultiPoint"",""coordinates"":[]}"
47_0,0.59179693,"{""type"":""MultiPoint"",""coordinates"":[]}"
48_0,0.39496765,"{""type"":""MultiPoint"",""coordinates"":[]}"
49_0,0.43080467,"{""type"":""MultiPoint"",""coordinates"":[]}"
50_0,0.7195039,"{""type"":""MultiPoint"",""coordinates"":[]}"
51_0,0.33221188,"{""type"":""MultiPoint"",""coordinates"":[]}"
52_0,0.71434045,"{""type"":""MultiPoint"",""coordinates"":[]}"
53_0,0.9317008,"{""type"":""MultiPoint"",""coordinates"":[]}"
54_0,0.63674164,"{""type"":""MultiPoint"",""coordinates"":[]}"
55_0,0.4093731,"{""type"":""MultiPoint"",""coordinates"":[]}"
56_0,0.7244606,"{""type"":""MultiPoint"",""coordinates"":[]}"
57_0,0.57500213,"{""type"":""MultiPoint"",""coordinates"":[]}"
58_0,0.7212893,"{""type"":""MultiPoint"",""coordinates"":[]}"
59_0,0.5110709,"{""type"":""MultiPoint"",""coordinates"":[]}"
60_0,0.38824826,"{""type"":""MultiPoint"",""coordinates"":[]}"
61_0,0.45421544,"{""type"":""MultiPoint"",""coordinates"":[]}"
62_0,0.8645267,"{""type"":""MultiPoint"",""coordinates"":[]}"
63_0,0.86250967,"{""type"":""MultiPoint"",""coordinates"":[]}"
64_0,0.4700048,"{""type"":""MultiPoint"",""coordinates"":[]}"
65_0,0.47268406,"{""type"":""MultiPoint"",""coordinates"":[]}"
66_0,0.58496773,"{""type"":""MultiPoint"",""coordinates"":[]}"
67_0,0.43938625,"{""type"":""MultiPoint"",""coordinates"":[]}"
68_0,0.8576315,"{""type"":""MultiPoint"",""coordinates"":[]}"
69_0,0.8177731,"{""type"":""MultiPoint"",""coordinates"":[]}"
70_0,0.8437305,"{""type"":""MultiPoint"",""coordinates"":[]}"
71_0,0.74954945,"{""type"":""MultiPoint"",""coordinates"":[]}"
72_0,0.6885938,"{""type"":""MultiPoint"",""coordinates"":[]}"
73_0,0.66034085,"{""type"":""MultiPoint"",""coordinates"":[]}"
74_0,0.5127352,"{""type"":""MultiPoint"",""coordinates"":[]}"
75_0,0.3626261,"{""type"":""MultiPoint"",""coordinates"":[]}"
76_0,0.56931704,"{""type"":""MultiPoint"",""coordinates"":[]}"
77_0,0.7554083,"{""type"":""MultiPoint"",""coordinates"":[]}"
78_0,0.34654734,"{""type"":""MultiPoint"",""coordinates"":[]}"
79_0,0.48716626,"{""type"":""MultiPoint"",""coordinates"":[]}"
80_0,0.47154188,"{""type"":""MultiPoint"",""coordinates"":[]}"
81_0,0.471597,"{""type"":""MultiPoint"",""coordinates"":[]}"
82_0,0.34224397,"{""type"":""MultiPoint"",""coordinates"":[]}"
83_0,0.40176234,"{""type"":""MultiPoint"",""coordinates"":[]}"
84_0,0.33592933,"{""type"":""MultiPoint"",""coordinates"":[]}"
85_0,0.746476,"{""type"":""MultiPoint"",""coordinates"":[]}"
86_0,0.58756405,"{""type"":""MultiPoint"",""coordinates"":[]}"
87_0,0.55145293,"{""type"":""MultiPoint"",""coordinates"":[]}"
88_0,0.6944527,"{""type"":""MultiPoint"",""coordinates"":[]}"
89_0,0.7340503,"{""type"":""MultiPoint"",""coordinates"":[]}"
90_0,0.6302108,"{""type"":""MultiPoint"",""coordinates"":[]}"
91_0,0.48319256,"{""type"":""MultiPoint"",""coordinates"":[]}"
92_0,0.56994605,"{""type"":""MultiPoint"",""coordinates"":[]}"
93_0,0.4734379,"{""type"":""MultiPoint"",""coordinates"":[]}"
94_0,0.26663187,"{""type"":""MultiPoint"",""coordinates"":[]}"
95_0,0.673197,"{""type"":""MultiPoint"",""coordinates"":[]}"
96_0,0.46202648,"{""type"":""MultiPoint"",""coordinates"":[]}"
97_0,0.21674795,"{""type"":""MultiPoint"",""coordinates"":[]}"
98_0,0.67853576,"{""type"":""MultiPoint"",""coordinates"":[]}"
99_0,0.460788,"{""type"":""MultiPoint"",""coordinates"":[]}"
100_0,0.34979665,"{""type"":""MultiPoint"",""coordinates"":[]}"
101_0,0.755214,"{""type"":""MultiPoint"",""coordinates"":[]}"
102_0,0.43774527,"{""type"":""MultiPoint"",""coordinates"":[]}"
103_0,0.791345,"{""type"":""MultiPoint"",""coordinates"":[]}"
104_0,0.6830268,"{""type"":""MultiPoint"",""coordinates"":[]}"
105_0,0.7692332,"{""type"":""MultiPoint"",""coordinates"":[]}"
106_0,0.3159713,"{""type"":""MultiPoint"",""coordinates"":[]}"
107_0,0.24215928,"{""type"":""MultiPoint"",""coordinates"":[]}"
108_0,0.6355917,"{""type"":""MultiPoint"",""coordinates"":[]}"
109_0,0.7603247,"{""type"":""MultiPoint"",""coordinates"":[]}"
110_0,0.43317792,"{""type"":""MultiPoint"",""coordinates"":[]}"
111_0,0.6961071,"{""type"":""MultiPoint"",""coordinates"":[]}"
112_0,0.4967239,"{""type"":""MultiPoint"",""coordinates"":[]}"
113_0,0.43001157,"{""type"":""MultiPoint"",""coordinates"":[]}"
114_0,0.6621686,"{""type"":""MultiPoint"",""coordinates"":[]}"
115_0,0.2624425,"{""type"":""MultiPoint"",""coordinates"":[]}"
116_0,0.73388714,"{""type"":""MultiPoint"",""coordinates"":[]}"
117_0,0.6996256,"{""type"":""MultiPoint"",""coordinates"":[]}"
118_0,0.5642413,"{""type"":""MultiPoint"",""coordinates"":[]}"
119_0,0.44306272,"{""type"":""MultiPoint"",""coordinates"":[]}"
120_0,0.46932626,"{""type"":""MultiPoint"",""coordinates"":[]}"
121_0,0.55452776,"{""type"":""MultiPoint"",""coordinates"":[]}"
122_0,0.7421319,"{""type"":""MultiPoint"",""coordinates"":[]}"
123_0,0.65364593,"{""type"":""MultiPoint"",""coordinates"":[]}"
124_0,0.74184304,"{""type"":""MultiPoint"",""coordinates"":[]}"
125_0,0.4770369,"{""type"":""MultiPoint"",""coordinates"":[]}"
126_0,0.75296295,"{""type"":""MultiPoint"",""coordinates"":[]}"
127_0,0.7325943,"{""type"":""MultiPoint"",""coordinates"":[]}"
128_0,0.23588194,"{""type"":""MultiPoint"",""coordinates"":[]}"
129_0,0.47480056,"{""type"":""MultiPoint"",""coordinates"":[]}"
130_0,0.5037854,"{""type"":""MultiPoint"",""coordinates"":[]}"
131_0,0.5766763,"{""type"":""MultiPoint"",""coordinates"":[]}"
132_0,0.5303804,"{""type"":""MultiPoint"",""coordinates"":[]}"
133_0,0.74221104,"{""type"":""MultiPoint"",""coordinates"":[]}"
134_0,0.76501524,"{""type"":""MultiPoint"",""coordinates"":[]}"
135_0,0.15720399,"{""type"":""MultiPoint"",""coordinates"":[]}"
136_0,0.62805414,"{""type"":""MultiPoint"",""coordinates"":[]}"
137_0,0.563748,"{""type"":""MultiPoint"",""coordinates"":[]}"
138_0,0.4144277,"{""type"":""MultiPoint"",""coordinates"":[]}"
139_0,0.47833604,"{""type"":""MultiPoint"",""coordinates"":[]}"
140_0,0.51900244,"{""type"":""MultiPoint"",""coordinates"":[]}"
141_0,0.53476584,"{""type"":""MultiPoint"",""coordinates"":[]}"
142_0,0.39457822,"{""type"":""MultiPoint"",""coordinates"":[]}"
143_0,0.45966944,"{""type"":""MultiPoint"",""coordinates"":[]}"
144_0,0.5768112,"{""type"":""MultiPoint"",""coordinates"":[]}"
145_0,0.674003,"{""type"":""MultiPoint"",""coordinates"":[]}"
146_0,0.6157793,"{""type"":""MultiPoint"",""coordinates"":[]}"
147_0,0.76562303,"{""type"":""MultiPoint"",""coordinates"":[]}"
148_0,0.47058064,"{""type"":""MultiPoint"",""coordinates"":[]}"
149_0,0.37824702,"{""type"":""MultiPoint"",""coordinates"":[]}"
150_0,0.5377779,"{""type"":""MultiPoint"",""coordinates"":[]}"
151_0,0.47567478,"{""type"":""MultiPoint"",""coordinates"":[]}"
152_0,0.4229159,"{""type"":""MultiPoint"",""coordinates"":[]}"
153_0,0.51072973,"{""type"":""MultiPoint"",""coordinates"":[]}"
154_0,0.60261863,"{""type"":""MultiPoint"",""coordinates"":[]}"
155_0,0.7043235,"{""type"":""MultiPoint"",""coordinates"":[]}"
156_0,0.46320233,"{""type"":""MultiPoint"",""coordinates"":[]}"
157_0,0.55602705,"{""type"":""MultiPoint"",""coordinates"":[]}"
158_0,0.7418888,"{""type"":""MultiPoint"",""coordinates"":[]}"
159_0,0.5835071,"{""type"":""MultiPoint"",""coordinates"":[]}"
160_0,0.60445803,"{""type"":""MultiPoint"",""coordinates"":[]}"
161_0,0.56768805,"{""type"":""MultiPoint"",""coordinates"":[]}"
162_0,0.44999185,"{""type"":""MultiPoint"",""coordinates"":[]}"
163_0,0.54393226,"{""type"":""MultiPoint"",""coordinates"":[]}"
164_0,0.2677141,"{""type"":""MultiPoint"",""coordinates"":[]}"
165_0,0.69988585,"{""type"":""MultiPoint"",""coordinates"":[]}"
166_0,0.57504225,"{""type"":""MultiPoint"",""coordinates"":[]}"
167_0,0.5174904,"{""type"":""MultiPoint"",""coordinates"":[]}"
168_0,0.32843032,"{""type"":""MultiPoint"",""coordinates"":[]}"
169_0,0.5825525,"{""type"":""MultiPoint"",""coordinates"":[]}"
170_0,0.71992284,"{""type"":""MultiPoint"",""coordinates"":[]}"
171_0,0.3114188,"{""type"":""MultiPoint"",""coordinates"":[]}"
172_0,0.52653855,"{""type"":""MultiPoint"",""coordinates"":[]}"
173_0,0.75977796,"{""type"":""MultiPoint"",""coordinates"":[]}"
174_0,0.5865461,"{""type"":""MultiPoint"",""coordinates"":[]}"
175_0,0.4638399,"{""type"":""MultiPoint"",""coordinates"":[]}"
176_0,0.30143476,"{""type"":""MultiPoint"",""coordinates"":[]}"
177_0,0.7786365,"{""type"":""MultiPoint"",""coordinates"":[]}"
178_0,0.80220586,"{""type"":""MultiPoint"",""coordinates"":[]}"
179_0,0.4563744,"{""type"":""MultiPoint"",""coordinates"":[]}"
180_0,0.54834944,"{""type"":""MultiPoint"",""coordinates"":[]}"
181_0,0.60452324,"{""type"":""MultiPoint"",""coordinates"":[]}"
182_0,0.61160487,"{""type"":""MultiPoint"",""coordinates"":[]}"
183_0,0.4487601,"{""type"":""MultiPoint"",""coordinates"":[]}"
184_0,0.7409704,"{""type"":""MultiPoint"",""coordinates"":[]}"
185_0,0.70651734,"{""type"":""MultiPoint"",""coordinates"":[]}"
186_0,0.45047513,"{""type"":""MultiPoint"",""coordinates"":[]}"
187_0,0.48995128,"{""type"":""MultiPoint"",""coordinates"":[]}"
188_0,0.5640862,"{""type"":""MultiPoint"",""coordinates"":[]}"
189_0,0.675693,"{""type"":""MultiPoint"",""coordinates"":[]}"
190_0,0.23469795,"{""type"":""MultiPoint"",""coordinates"":[]}"
191_0,0.58085775,"{""type"":""MultiPoint"",""coordinates"":[]}"
192_0,0.5479603,"{""type"":""MultiPoint"",""coordinates"":[]}"
193_0,0.5644018,"{""type"":""MultiPoint"",""coordinates"":[]}"
194_0,0.399837,"{""type"":""MultiPoint"",""coordinates"":[]}"
195_0,0.6290724,"{""type"":""MultiPoint"",""coordinates"":[]}"
196_0,0.44514754,"{""type"":""MultiPoint"",""coordinates"":[]}"
197_0,0.5470174,"{""type"":""MultiPoint"",""coordinates"":[]}"
198_0,0.49360713,"{""type"":""MultiPoint"",""coordinates"":[]}"
199_0,0.6166312,"{""type"":""MultiPoint"",""coordinates"":[]}"
200_0,0.7537667,"{""type"":""MultiPoint"",""coordinates"":[]}"
201_0,0.7769456,"{""type"":""MultiPoint"",""coordinates"":[]}"
202_0,0.6485864,"{""type"":""MultiPoint"",""coordinates"":[]}"
203_0,0.23668948,"{""type"":""MultiPoint"",""coordinates"":[]}"
204_0,0.46282226,"{""type"":""MultiPoint"",""coordinates"":[]}"
205_0,0.6676188,"{""type"":""MultiPoint"",""coordinates"":[]}"
206_0,0.44327167,"{""type"":""MultiPoint"",""coordinates"":[]}"
207_0,0.6658581,"{""type"":""MultiPoint"",""coordinates"":[]}"
208_0,0.58928186,"{""type"":""MultiPoint"",""coordinates"":[]}"
209_0,0.74990356,"{""type"":""MultiPoint"",""coordinates"":[]}"
210_0,0.3210599,"{""type"":""MultiPoint"",""coordinates"":[]}"
211_0,0.27933043,"{""type"":""MultiPoint"",""coordinates"":[]}"
212_0,0.35570344,"{""type"":""MultiPoint"",""coordinates"":[]}"
213_0,0.4628286,"{""type"":""MultiPoint"",""coordinates"":[]}"
214_0,0.46970463,"{""type"":""MultiPoint"",""coordinates"":[]}"
215_0,0.44359177,"{""type"":""MultiPoint"",""coordinates"":[]}"
216_0,0.5369074,"{""type"":""MultiPoint"",""coordinates"":[]}"
217_0,0.7081041,"{""type"":""MultiPoint"",""coordinates"":[]}"
218_0,0.41299415,"{""type"":""MultiPoint"",""coordinates"":[]}"
219_0,0.2757279,"{""type"":""MultiPoint"",""coordinates"":[]}"
220_0,0.40656233,"{""type"":""MultiPoint"",""coordinates"":[]}"
221_0,0.46508974,"{""type"":""MultiPoint"",""coordinates"":[]}"
222_0,0.58205396,"{""type"":""MultiPoint"",""coordinates"":[]}"
223_0,0.75859433,"{""type"":""MultiPoint"",""coordinates"":[]}"
224_0,0.61738396,"{""type"":""MultiPoint"",""coordinates"":[]}"
225_0,0.29403254,"{""type"":""MultiPoint"",""coordinates"":[]}"
226_0,0.53378063,"{""type"":""MultiPoint"",""coordinates"":[]}"
227_0,0.19265176,"{""type"":""MultiPoint"",""coordinates"":[]}"
228_0,0.7549335,"{""type"":""MultiPoint"",""coordinates"":[]}"
229_0,0.47846243,"{""type"":""MultiPoint"",""coordinates"":[]}"
230_0,0.39516452,"{""type"":""MultiPoint"",""coordinates"":[]}"
231_0,0.6810369,"{""type"":""MultiPoint"",""coordinates"":[]}"
232_0,0.53264004,"{""type"":""MultiPoint"",""coordinates"":[]}"
233_0,0.7661872,"{""type"":""MultiPoint"",""coordinates"":[]}"
234_0,0.720218,"{""type"":""MultiPoint"",""coordinates"":[]}"
235_0,0.48304018,"{""type"":""MultiPoint"",""coordinates"":[]}"
236_0,0.55163455,"{""type"":""MultiPoint"",""coordinates"":[]}"
237_0,0.28716218,"{""type"":""MultiPoint"",""coordinates"":[]}"
238_0,0.7354028,"{""type"":""MultiPoint"",""coordinates"":[]}"
239_0,0.49292782,"{""type"":""MultiPoint"",""coordinates"":[]}"
240_0,0.7230949,"{""type"":""MultiPoint"",""coordinates"":[]}"
241_0,0.55376387,"{""type"":""MultiPoint"",""coordinates"":[]}"
242_0,0.34766552,"{""type"":""MultiPoint"",""coordinates"":[]}"
243_0,0.43158668,"{""type"":""MultiPoint"",""coordinates"":[]}"
244_0,0.42443022,"{""type"":""MultiPoint"",""coordinates"":[]}"
245_0,0.30674258,"{""type"":""MultiPoint"",""coordinates"":[]}"
246_0,0.17100541,"{""type"":""MultiPoint"",""coordinates"":[]}"
247_0,0.5511932,"{""type"":""MultiPoint"",""coordinates"":[]}"
248_0,0.45512715,"{""type"":""MultiPoint"",""coordinates"":[]}"
249_0,0.65348226,"{""type"":""MultiPoint"",""coordinates"":[]}"
250_0,0.7355042,"{""type"":""MultiPoint"",""coordinates"":[]}"
251_0,0.41550505,"{""type"":""MultiPoint"",""coordinates"":[]}"
252_0,0.66939014,"{""type"":""MultiPoint"",""coordinates"":[]}"
253_0,0.57353544,"{""type"":""MultiPoint"",""coordinates"":[]}"
254_0,0.3084775,"{""type"":""MultiPoint"",""coordinates"":[]}"
255_0,0.6575942,"{""type"":""MultiPoint"",""coordinates"":[]}"
256_0,0.49240056,"{""type"":""MultiPoint"",""coordinates"":[]}"
257_0,0.589128,"{""type"":""MultiPoint"",""coordinates"":[]}"
258_0,0.59367776,"{""type"":""MultiPoint"",""coordinates"":[]}"
259_0,0.48251298,"{""type"":""MultiPoint"",""coordinates"":[]}"
260_0,0.57607365,"{""type"":""MultiPoint"",""coordinates"":[]}"
261_0,0.3844885,"{""type"":""MultiPoint"",""coordinates"":[]}"
262_0,0.6014886,"{""type"":""MultiPoint"",""coordinates"":[]}"
263_0,0.7826886,"{""type"":""MultiPoint"",""coordinates"":[]}"
264_0,0.8041804,"{""type"":""MultiPoint"",""coordinates"":[]}"
265_0,0.4057181,"{""type"":""MultiPoint"",""coordinates"":[]}"
266_0,0.695869,"{""type"":""MultiPoint"",""coordinates"":[]}"
267_0,0.41031054,"{""type"":""MultiPoint"",""coordinates"":[]}"
268_0,0.78977317,"{""type"":""MultiPoint"",""coordinates"":[]}"
269_0,0.49983045,"{""type"":""MultiPoint"",""coordinates"":[]}"
270_0,0.34266716,"{""type"":""MultiPoint"",""coordinates"":[]}"
271_0,0.6994005,"{""type"":""MultiPoint"",""coordinates"":[]}"
272_0,0.6338097,"{""type"":""MultiPoint"",""coordinates"":[]}"
273_0,0.43111858,"{""type"":""MultiPoint"",""coordinates"":[]}"
274_0,0.5198856,"{""type"":""MultiPoint"",""coordinates"":[]}"
275_0,0.20601456,"{""type"":""MultiPoint"",""coordinates"":[]}"
276_0,0.5478851,"{""type"":""MultiPoint"",""coordinates"":[]}"
277_0,0.7579995,"{""type"":""MultiPoint"",""coordinates"":[]}"
278_0,0.47502252,"{""type"":""MultiPoint"",""coordinates"":[]}"
279_0,0.17744344,"{""type"":""MultiPoint"",""coordinates"":[]}"
280_0,0.55031204,"{""type"":""MultiPoint"",""coordinates"":[]}"
281_0,0.57054454,"{""type"":""MultiPoint"",""coordinates"":[]}"
282_0,0.33775422,"{""type"":""MultiPoint"",""coordinates"":[]}"
283_0,0.64985734,"{""type"":""MultiPoint"",""coordinates"":[]}"
284_0,0.18735375,"{""type"":""MultiPoint"",""coordinates"":[]}"
285_0,0.3812203,"{""type"":""MultiPoint"",""coordinates"":[]}"
286_0,0.44024116,"{""type"":""MultiPoint"",""coordinates"":[]}"
287_0,0.52660906,"{""type"":""MultiPoint"",""coordinates"":[]}"
289_0,0.46058947,"{""type"":""MultiPoint"",""coordinates"":[]}"
290_0,0.72266704,"{""type"":""MultiPoint"",""coordinates"":[]}"
291_0,0.7634241,"{""type"":""MultiPoint"",""coordinates"":[]}"
292_0,0.82147086,"{""type"":""MultiPoint"",""coordinates"":[]}"
293_0,0.44891253,"{""type"":""MultiPoint"",""coordinates"":[]}"
294_0,0.38143265,"{""type"":""MultiPoint"",""coordinates"":[]}"
295_0,0.4781863,"{""type"":""MultiPoint"",""coordinates"":[]}"
296_0,0.548994,"{""type"":""MultiPoint"",""coordinates"":[]}"
297_0,0.5249881,"{""type"":""MultiPoint"",""coordinates"":[]}"
298_0,0.7932954,"{""type"":""MultiPoint"",""coordinates"":[]}"
299_0,0.6867922,"{""type"":""MultiPoint"",""coordinates"":[]}"
300_0,0.4867374,"{""type"":""MultiPoint"",""coordinates"":[]}"
301_0,0.7050272,"{""type"":""MultiPoint"",""coordinates"":[]}"
302_0,0.43719226,"{""type"":""MultiPoint"",""coordinates"":[]}"
303_0,0.42596063,"{""type"":""MultiPoint"",""coordinates"":[]}"
304_0,0.43051916,"{""type"":""MultiPoint"",""coordinates"":[]}"
305_0,0.45503214,"{""type"":""MultiPoint"",""coordinates"":[]}"
306_0,0.52475667,"{""type"":""MultiPoint"",""coordinates"":[]}"
307_0,0.18827996,"{""type"":""MultiPoint"",""coordinates"":[]}"
308_0,0.7434217,"{""type"":""MultiPoint"",""coordinates"":[]}"
309_0,0.35340765,"{""type"":""MultiPoint"",""coordinates"":[]}"
310_0,0.5770969,"{""type"":""MultiPoint"",""coordinates"":[]}"
311_0,0.33503854,"{""type"":""MultiPoint"",""coordinates"":[]}"
312_0,0.35863766,"{""type"":""MultiPoint"",""coordinates"":[]}"
313_0,0.33448505,"{""type"":""MultiPoint"",""coordinates"":[]}"
314_0,0.8573313,"{""type"":""MultiPoint"",""coordinates"":[]}"
315_0,0.32533634,"{""type"":""MultiPoint"",""coordinates"":[]}"
316_0,0.50941825,"{""type"":""MultiPoint"",""coordinates"":[]}"
317_0,0.7129138,"{""type"":""MultiPoint"",""coordinates"":[]}"
318_0,0.6586572,"{""type"":""MultiPoint"",""coordinates"":[]}"
319_0,0.77078074,"{""type"":""MultiPoint"",""coordinates"":[]}"
320_0,0.380713,"{""type"":""MultiPoint"",""coordinates"":[]}"
321_0,0.21762751,"{""type"":""MultiPoint"",""coordinates"":[]}"
322_0,0.67598647,"{""type"":""MultiPoint"",""coordinates"":[]}"
323_0,0.69606555,"{""type"":""MultiPoint"",""coordinates"":[]}"
324_0,0.4267206,"{""type"":""MultiPoint"",""coordinates"":[]}"
325_0,0.30665013,"{""type"":""MultiPoint"",""coordinates"":[]}"
326_0,0.44202936,"{""type"":""MultiPoint"",""coordinates"":[]}"
327_0,0.7312676,"{""type"":""MultiPoint"",""coordinates"":[]}"
328_0,0.37111503,"{""type"":""MultiPoint"",""coordinates"":[]}"
329_0,0.40018323,"{""type"":""MultiPoint"",""coordinates"":[]}"
330_0,0.52798223,"{""type"":""MultiPoint"",""coordinates"":[]}"
331_0,0.3274199,"{""type"":""MultiPoint"",""coordinates"":[]}"
332_0,0.7636432,"{""type"":""MultiPoint"",""coordinates"":[]}"
333_0,0.21859586,"{""type"":""MultiPoint"",""coordinates"":[]}"
334_0,0.6379996,"{""type"":""MultiPoint"",""coordinates"":[]}"
335_0,0.44788924,"{""type"":""MultiPoint"",""coordinates"":[]}"
336_0,0.55444187,"{""type"":""MultiPoint"",""coordinates"":[]}"
337_0,0.4392873,"{""type"":""MultiPoint"",""coordinates"":[]}"
338_0,0.48287815,"{""type"":""MultiPoint"",""coordinates"":[]}"
339_0,0.39741537,"{""type"":""MultiPoint"",""coordinates"":[]}"
340_0,0.67965305,"{""type"":""MultiPoint"",""coordinates"":[]}"
341_0,0.73668474,"{""type"":""MultiPoint"",""coordinates"":[]}"
342_0,0.8005301,"{""type"":""MultiPoint"",""coordinates"":[]}"
343_0,0.70715064,"{""type"":""MultiPoint"",""coordinates"":[]}"
344_0,0.64551514,"{""type"":""MultiPoint"",""coordinates"":[]}"
345_0,0.61896706,"{""type"":""MultiPoint"",""coordinates"":[]}"
346_0,0.73528695,"{""type"":""MultiPoint"",""coordinates"":[]}"
347_0,0.67457086,"{""type"":""MultiPoint"",""coordinates"":[]}"
348_0,0.5624802,"{""type"":""MultiPoint"",""coordinates"":[]}"
349_0,0.5427633,"{""type"":""MultiPoint"",""coordinates"":[]}"
350_0,0.5768798,"{""type"":""MultiPoint"",""coordinates"":[]}"
351_0,0.42972794,"{""type"":""MultiPoint"",""coordinates"":[]}"
352_0,0.45783398,"{""type"":""MultiPoint"",""coordinates"":[]}"
353_0,0.65694803,"{""type"":""MultiPoint"",""coordinates"":[]}"
354_0,0.45605493,"{""type"":""MultiPoint"",""coordinates"":[]}"
355_0,0.40455785,"{""type"":""MultiPoint"",""coordinates"":[]}"
356_0,0.643587,"{""type"":""MultiPoint"",""coordinates"":[]}"
357_0,0.72255063,"{""type"":""MultiPoint"",""coordinates"":[]}"
358_0,0.30428967,"{""type"":""MultiPoint"",""coordinates"":[]}"
359_0,0.4765003,"{""type"":""MultiPoint"",""coordinates"":[]}"
360_0,0.7199078,"{""type"":""MultiPoint"",""coordinates"":[]}"
361_0,0.707231,"{""type"":""MultiPoint"",""coordinates"":[]}"
362_0,0.5126258,"{""type"":""MultiPoint"",""coordinates"":[]}"
363_0,0.42341962,"{""type"":""MultiPoint"",""coordinates"":[]}"
364_0,0.799595,"{""type"":""MultiPoint"",""coordinates"":[]}"
365_0,0.53301966,"{""type"":""MultiPoint"",""coordinates"":[]}"
366_0,0.38475397,"{""type"":""MultiPoint"",""coordinates"":[]}"
367_0,0.71170723,"{""type"":""MultiPoint"",""coordinates"":[]}"
368_0,0.4288524,"{""type"":""MultiPoint"",""coordinates"":[]}"
369_0,0.35986826,"{""type"":""MultiPoint"",""coordinates"":[]}"
370_0,0.37828785,"{""type"":""MultiPoint"",""coordinates"":[]}"
371_0,0.4741149,"{""type"":""MultiPoint"",""coordinates"":[]}"
372_0,0.57389235,"{""type"":""MultiPoint"",""coordinates"":[]}"
373_0,0.34760347,"{""type"":""MultiPoint"",""coordinates"":[]}"
374_0,0.42783368,"{""type"":""MultiPoint"",""coordinates"":[]}"
375_0,0.4110263,"{""type"":""MultiPoint"",""coordinates"":[]}"
376_0,0.71667695,"{""type"":""MultiPoint"",""coordinates"":[]}"
377_0,0.67063004,"{""type"":""MultiPoint"",""coordinates"":[]}"
378_0,0.72572577,"{""type"":""MultiPoint"",""coordinates"":[]}"
379_0,0.2975289,"{""type"":""MultiPoint"",""coordinates"":[]}"
380_0,0.5335885,"{""type"":""MultiPoint"",""coordinates"":[]}"
381_0,0.62093276,"{""type"":""MultiPoint"",""coordinates"":[]}"
382_0,0.7684818,"{""type"":""MultiPoint"",""coordinates"":[]}"
383_0,0.38026902,"{""type"":""MultiPoint"",""coordinates"":[]}"
384_0,0.3907434,"{""type"":""MultiPoint"",""coordinates"":[]}"
385_0,0.49033397,"{""type"":""MultiPoint"",""coordinates"":[]}"
386_0,0.44843733,"{""type"":""MultiPoint"",""coordinates"":[]}"
387_0,0.6726719,"{""type"":""MultiPoint"",""coordinates"":[]}"
388_0,0.5117533,"{""type"":""MultiPoint"",""coordinates"":[]}"
389_0,0.45329878,"{""type"":""MultiPoint"",""coordinates"":[]}"
390_0,0.5712952,"{""type"":""MultiPoint"",""coordinates"":[]}"
391_0,0.34730202,"{""type"":""MultiPoint"",""coordinates"":[]}"
392_0,0.8219291,"{""type"":""MultiPoint"",""coordinates"":[]}"
393_0,0.8114998,"{""type"":""MultiPoint"",""coordinates"":[]}"
394_0,0.49199873,"{""type"":""MultiPoint"",""coordinates"":[]}"
395_0,0.75223154,"{""type"":""MultiPoint"",""coordinates"":[]}"
396_0,0.7307151,"{""type"":""MultiPoint"",""coordinates"":[]}"
397_0,0.4468366,"{""type"":""MultiPoint"",""coordinates"":[]}"
398_0,0.41933328,"{""type"":""MultiPoint"",""coordinates"":[]}"
399_0,0.7264963,"{""type"":""MultiPoint"",""coordinates"":[]}"
400_0,0.29031953,"{""type"":""MultiPoint"",""coordinates"":[]}"
401_0,0.3259208,"{""type"":""MultiPoint"",""coordinates"":[]}"
402_0,0.4985626,"{""type"":""MultiPoint"",""coordinates"":[]}"
403_0,0.48710644,"{""type"":""MultiPoint"",""coordinates"":[]}"
404_0,0.32584253,"{""type"":""MultiPoint"",""coordinates"":[]}"
406_0,0.49808487,"{""type"":""MultiPoint"",""coordinates"":[]}"
407_0,0.40675443,"{""type"":""MultiPoint"",""coordinates"":[]}"
408_0,0.644102,"{""type"":""MultiPoint"",""coordinates"":[]}"
409_0,0.50916624,"{""type"":""MultiPoint"",""coordinates"":[]}"
410_0,0.47307727,"{""type"":""MultiPoint"",""coordinates"":[]}"
411_0,0.5555907,"{""type"":""MultiPoint"",""coordinates"":[]}"
412_0,0.5912902,"{""type"":""MultiPoint"",""coordinates"":[]}"
413_0,0.6872789,"{""type"":""MultiPoint"",""coordinates"":[]}"
414_0,0.7221993,"{""type"":""MultiPoint"",""coordinates"":[]}"
415_0,0.48185,"{""type"":""MultiPoint"",""coordinates"":[]}"
416_0,0.4453732,"{""type"":""MultiPoint"",""coordinates"":[]}"
417_0,0.8371137,"{""type"":""MultiPoint"",""coordinates"":[]}"
418_0,0.7782076,"{""type"":""MultiPoint"",""coordinates"":[]}"
419_0,0.6197398,"{""type"":""MultiPoint"",""coordinates"":[]}"
420_0,0.36570567,"{""type"":""MultiPoint"",""coordinates"":[]}"
421_0,0.5171792,"{""type"":""MultiPoint"",""coordinates"":[]}"
422_0,0.76073635,"{""type"":""MultiPoint"",""coordinates"":[]}"
423_0,0.37543666,"{""type"":""MultiPoint"",""coordinates"":[]}"
424_0,0.3308577,"{""type"":""MultiPoint"",""coordinates"":[]}"
425_0,0.7694014,"{""type"":""MultiPoint"",""coordinates"":[]}"
426_0,0.61221284,"{""type"":""MultiPoint"",""coordinates"":[]}"
427_0,0.6852386,"{""type"":""MultiPoint"",""coordinates"":[]}"
428_0,0.753775,"{""type"":""MultiPoint"",""coordinates"":[]}"
429_0,0.80014795,"{""type"":""MultiPoint"",""coordinates"":[]}"
430_0,0.7260611,"{""type"":""MultiPoint"",""coordinates"":[]}"
431_0,0.32799047,"{""type"":""MultiPoint"",""coordinates"":[]}"
432_0,0.6094878,"{""type"":""MultiPoint"",""coordinates"":[]}"
433_0,0.7681782,"{""type"":""MultiPoint"",""coordinates"":[]}"
434_0,0.47084805,"{""type"":""MultiPoint"",""coordinates"":[]}"
435_0,0.45619428,"{""type"":""MultiPoint"",""coordinates"":[]}"
436_0,0.4488891,"{""type"":""MultiPoint"",""coordinates"":[]}"
437_0,0.50686926,"{""type"":""MultiPoint"",""coordinates"":[]}"
438_0,0.5581848,"{""type"":""MultiPoint"",""coordinates"":[]}"
439_0,0.6870798,"{""type"":""MultiPoint"",""coordinates"":[]}"
440_0,0.24722745,"{""type"":""MultiPoint"",""coordinates"":[]}"
441_0,0.4326851,"{""type"":""MultiPoint"",""coordinates"":[]}"
442_0,0.6598685,"{""type"":""MultiPoint"",""coordinates"":[]}"
443_0,0.5225169,"{""type"":""MultiPoint"",""coordinates"":[]}"
444_0,0.5155853,"{""type"":""MultiPoint"",""coordinates"":[]}"
445_0,0.74536663,"{""type"":""MultiPoint"",""coordinates"":[]}"
446_0,0.44312412,"{""type"":""MultiPoint"",""coordinates"":[]}"
447_0,0.52440155,"{""type"":""MultiPoint"",""coordinates"":[]}"
448_0,0.5171053,"{""type"":""MultiPoint"",""coordinates"":[]}"
449_0,0.48234534,"{""type"":""MultiPoint"",""coordinates"":[]}"
450_0,0.527981,"{""type"":""MultiPoint"",""coordinates"":[]}"
451_0,0.74628556,"{""type"":""MultiPoint"",""coordinates"":[]}"
452_0,0.45323855,"{""type"":""MultiPoint"",""coordinates"":[]}"
453_0,0.6580065,"{""type"":""MultiPoint"",""coordinates"":[]}"
454_0,0.53518873,"{""type"":""MultiPoint"",""coordinates"":[]}"
455_0,0.72989815,"{""type"":""MultiPoint"",""coordinates"":[]}"
456_0,0.6508549,"{""type"":""MultiPoint"",""coordinates"":[]}"
457_0,0.5112739,"{""type"":""MultiPoint"",""coordinates"":[]}"
458_0,0.6757838,"{""type"":""MultiPoint"",""coordinates"":[]}"
459_0,0.548183,"{""type"":""MultiPoint"",""coordinates"":[]}"
460_0,0.61895764,"{""type"":""MultiPoint"",""coordinates"":[]}"
461_0,0.81063694,"{""type"":""MultiPoint"",""coordinates"":[]}"
462_0,0.7177395,"{""type"":""MultiPoint"",""coordinates"":[]}"
463_0,0.82762694,"{""type"":""MultiPoint"",""coordinates"":[]}"
464_0,0.81042224,"{""type"":""MultiPoint"",""coordinates"":[]}"
465_0,0.31695023,"{""type"":""MultiPoint"",""coordinates"":[]}"
466_0,0.744592,"{""type"":""MultiPoint"",""coordinates"":[]}"
467_0,0.49039418,"{""type"":""MultiPoint"",""coordinates"":[]}"
469_0,0.52491593,"{""type"":""MultiPoint"",""coordinates"":[]}"
470_0,0.4424965,"{""type"":""MultiPoint"",""coordinates"":[]}"
471_0,0.36795542,"{""type"":""MultiPoint"",""coordinates"":[]}"
472_0,0.33196434,"{""type"":""MultiPoint"",""coordinates"":[]}"
473_0,0.38084674,"{""type"":""MultiPoint"",""coordinates"":[]}"
474_0,0.76098746,"{""type"":""MultiPoint"",""coordinates"":[]}"
475_0,0.51696867,"{""type"":""MultiPoint"",""coordinates"":[]}"
476_0,0.5753981,"{""type"":""MultiPoint"",""coordinates"":[]}"
477_0,0.3841438,"{""type"":""MultiPoint"",""coordinates"":[]}"
478_0,0.3957891,"{""type"":""MultiPoint"",""coordinates"":[]}"
479_0,0.5439209,"{""type"":""MultiPoint"",""coordinates"":[]}"
480_0,0.7557079,"{""type"":""MultiPoint"",""coordinates"":[]}"
481_0,0.3785047,"{""type"":""MultiPoint"",""coordinates"":[]}"
482_0,0.37282792,"{""type"":""MultiPoint"",""coordinates"":[]}"
483_0,0.42164144,"{""type"":""MultiPoint"",""coordinates"":[]}"
484_0,0.5066893,"{""type"":""MultiPoint"",""coordinates"":[]}"
485_0,0.5538793,"{""type"":""MultiPoint"",""coordinates"":[]}"
486_0,0.6167121,"{""type"":""MultiPoint"",""coordinates"":[]}"
487_0,0.4297057,"{""type"":""MultiPoint"",""coordinates"":[]}"
488_0,0.538227,"{""type"":""MultiPoint"",""coordinates"":[]}"
489_0,0.2541053,"{""type"":""MultiPoint"",""coordinates"":[]}"
490_0,0.49516696,"{""type"":""MultiPoint"",""coordinates"":[]}"
491_0,0.1985339,"{""type"":""MultiPoint"",""coordinates"":[]}"
492_0,0.7370946,"{""type"":""MultiPoint"",""coordinates"":[]}"
493_0,0.439788,"{""type"":""MultiPoint"",""coordinates"":[]}"
494_0,0.5071478,"{""type"":""MultiPoint"",""coordinates"":[]}"
495_0,0.48667195,"{""type"":""MultiPoint"",""coordinates"":[]}"
496_0,0.35959205,"{""type"":""MultiPoint"",""coordinates"":[]}"
497_0,0.48781312,"{""type"":""MultiPoint"",""coordinates"":[]}"
498_0,0.7406306,"{""type"":""MultiPoint"",""coordinates"":[]}"
499_0,0.42579046,"{""type"":""MultiPoint"",""coordinates"":[]}"
500_0,0.5526068,"{""type"":""MultiPoint"",""coordinates"":[]}"
501_0,0.37004247,"{""type"":""MultiPoint"",""coordinates"":[]}"
502_0,0.25427482,"{""type"":""MultiPoint"",""coordinates"":[]}"
503_0,0.6711583,"{""type"":""MultiPoint"",""coordinates"":[]}"
504_0,0.66993785,"{""type"":""MultiPoint"",""coordinates"":[]}"
505_0,0.43566355,"{""type"":""MultiPoint"",""coordinates"":[]}"
506_0,0.6724192,"{""type"":""MultiPoint"",""coordinates"":[]}"
507_0,0.5936571,"{""type"":""MultiPoint"",""coordinates"":[]}"
508_0,0.3077155,"{""type"":""MultiPoint"",""coordinates"":[]}"
509_0,0.25006947,"{""type"":""MultiPoint"",""coordinates"":[]}"
510_0,0.47093675,"{""type"":""MultiPoint"",""coordinates"":[]}"
511_0,0.2953631,"{""type"":""MultiPoint"",""coordinates"":[]}"
512_0,0.4128488,"{""type"":""MultiPoint"",""coordinates"":[]}"
513_0,0.7310976,"{""type"":""MultiPoint"",""coordinates"":[]}"
514_0,0.470485,"{""type"":""MultiPoint"",""coordinates"":[]}"
516_0,0.3094588,"{""type"":""MultiPoint"",""coordinates"":[]}"
517_0,0.63395154,"{""type"":""MultiPoint"",""coordinates"":[]}"
518_0,0.4034352,"{""type"":""MultiPoint"",""coordinates"":[]}"
519_0,0.5062605,"{""type"":""MultiPoint"",""coordinates"":[]}"
520_0,0.72926545,"{""type"":""MultiPoint"",""coordinates"":[]}"
521_0,0.46078846,"{""type"":""MultiPoint"",""coordinates"":[]}"
522_0,0.59170145,"{""type"":""MultiPoint"",""coordinates"":[]}"
523_0,0.53051394,"{""type"":""MultiPoint"",""coordinates"":[]}"
524_0,0.42469087,"{""type"":""MultiPoint"",""coordinates"":[]}"
525_0,0.16413367,"{""type"":""MultiPoint"",""coordinates"":[]}"
526_0,0.5052141,"{""type"":""MultiPoint"",""coordinates"":[]}"
527_0,0.61228925,"{""type"":""MultiPoint"",""coordinates"":[]}"
528_0,0.574294,"{""type"":""MultiPoint"",""coordinates"":[]}"
529_0,0.7303136,"{""type"":""MultiPoint"",""coordinates"":[]}"
530_0,0.5143593,"{""type"":""MultiPoint"",""coordinates"":[]}"
531_0,0.43982577,"{""type"":""MultiPoint"",""coordinates"":[]}"
532_0,0.54536664,"{""type"":""MultiPoint"",""coordinates"":[]}"
533_0,0.68908113,"{""type"":""MultiPoint"",""coordinates"":[]}"
534_0,0.28474694,"{""type"":""MultiPoint"",""coordinates"":[]}"
535_0,0.5366532,"{""type"":""MultiPoint"",""coordinates"":[]}"
536_0,0.628268,"{""type"":""MultiPoint"",""coordinates"":[]}"
537_0,0.7172163,"{""type"":""MultiPoint"",""coordinates"":[]}"
538_0,0.4741031,"{""type"":""MultiPoint"",""coordinates"":[]}"
539_0,0.49168044,"{""type"":""MultiPoint"",""coordinates"":[]}"
540_0,0.76125747,"{""type"":""MultiPoint"",""coordinates"":[]}"
541_0,0.77402794,"{""type"":""MultiPoint"",""coordinates"":[]}"
542_0,0.33896515,"{""type"":""MultiPoint"",""coordinates"":[]}"
543_0,0.5267259,"{""type"":""MultiPoint"",""coordinates"":[]}"
544_0,0.52688396,"{""type"":""MultiPoint"",""coordinates"":[]}"
545_0,0.86753744,"{""type"":""MultiPoint"",""coordinates"":[]}"
546_0,0.5164367,"{""type"":""MultiPoint"",""coordinates"":[]}"
547_0,0.3149998,"{""type"":""MultiPoint"",""coordinates"":[]}"
548_0,0.4165678,"{""type"":""MultiPoint"",""coordinates"":[]}"
549_0,0.6431208,"{""type"":""MultiPoint"",""coordinates"":[]}"
550_0,0.42960855,"{""type"":""MultiPoint"",""coordinates"":[]}"
551_0,0.46149036,"{""type"":""MultiPoint"",""coordinates"":[]}"
552_0,0.61879355,"{""type"":""MultiPoint"",""coordinates"":[]}"
553_0,0.5610879,"{""type"":""MultiPoint"",""coordinates"":[]}"
554_0,0.85232866,"{""type"":""MultiPoint"",""coordinates"":[]}"
555_0,0.67994636,"{""type"":""MultiPoint"",""coordinates"":[]}"
556_0,0.47927353,"{""type"":""MultiPoint"",""coordinates"":[]}"
557_0,0.714333,"{""type"":""MultiPoint"",""coordinates"":[]}"
558_0,0.5631922,"{""type"":""MultiPoint"",""coordinates"":[]}"
559_0,0.6950438,"{""type"":""MultiPoint"",""coordinates"":[]}"
560_0,0.8147375,"{""type"":""MultiPoint"",""coordinates"":[]}"
561_0,0.3531378,"{""type"":""MultiPoint"",""coordinates"":[]}"
562_0,0.64925545,"{""type"":""MultiPoint"",""coordinates"":[]}"
563_0,0.38987395,"{""type"":""MultiPoint"",""coordinates"":[]}"
564_0,0.48823586,"{""type"":""MultiPoint"",""coordinates"":[]}"
565_0,0.28626713,"{""type"":""MultiPoint"",""coordinates"":[]}"
566_0,0.6834338,"{""type"":""MultiPoint"",""coordinates"":[]}"
567_0,0.6524352,"{""type"":""MultiPoint"",""coordinates"":[]}"
568_0,0.35950032,"{""type"":""MultiPoint"",""coordinates"":[]}"
569_0,0.6733184,"{""type"":""MultiPoint"",""coordinates"":[]}"
570_0,0.71598357,"{""type"":""MultiPoint"",""coordinates"":[]}"
571_0,0.8536381,"{""type"":""MultiPoint"",""coordinates"":[]}"
572_0,0.746513,"{""type"":""MultiPoint"",""coordinates"":[]}"
573_0,0.80507827,"{""type"":""MultiPoint"",""coordinates"":[]}"
574_0,0.68843377,"{""type"":""MultiPoint"",""coordinates"":[]}"
575_0,0.7381198,"{""type"":""MultiPoint"",""coordinates"":[]}"
576_0,0.70614207,"{""type"":""MultiPoint"",""coordinates"":[]}"
577_0,0.25637344,"{""type"":""MultiPoint"",""coordinates"":[]}"
578_0,0.4520212,"{""type"":""MultiPoint"",""coordinates"":[]}"
579_0,0.3472015,"{""type"":""MultiPoint"",""coordinates"":[]}"
580_0,0.885354,"{""type"":""MultiPoint"",""coordinates"":[]}"
581_0,0.58012116,"{""type"":""MultiPoint"",""coordinates"":[]}"
582_0,0.65719736,"{""type"":""MultiPoint"",""coordinates"":[]}"
583_0,0.715162,"{""type"":""MultiPoint"",""coordinates"":[]}"
584_0,0.555667,"{""type"":""MultiPoint"",""coordinates"":[]}"
585_0,0.25554648,"{""type"":""MultiPoint"",""coordinates"":[]}"
586_0,0.78151137,"{""type"":""MultiPoint"",""coordinates"":[]}"
587_0,0.47461298,"{""type"":""MultiPoint"",""coordinates"":[]}"
588_0,0.4807755,"{""type"":""MultiPoint"",""coordinates"":[]}"
589_0,0.6340811,"{""type"":""MultiPoint"",""coordinates"":[]}"
590_0,0.7112267,"{""type"":""MultiPoint"",""coordinates"":[]}"
591_0,0.34422678,"{""type"":""MultiPoint"",""coordinates"":[]}"
592_0,0.5889608,"{""type"":""MultiPoint"",""coordinates"":[]}"
593_0,0.2776824,"{""type"":""MultiPoint"",""coordinates"":[]}"
594_0,0.45630673,"{""type"":""MultiPoint"",""coordinates"":[]}"
595_0,0.74901474,"{""type"":""MultiPoint"",""coordinates"":[]}"
596_0,0.5682137,"{""type"":""MultiPoint"",""coordinates"":[]}"
597_0,0.4691589,"{""type"":""MultiPoint"",""coordinates"":[]}"
598_0,0.49195966,"{""type"":""MultiPoint"",""coordinates"":[]}"
599_0,0.5924173,"{""type"":""MultiPoint"",""coordinates"":[]}"
600_0,0.31971556,"{""type"":""MultiPoint"",""coordinates"":[]}"
601_0,0.59088945,"{""type"":""MultiPoint"",""coordinates"":[]}"
602_0,0.8010684,"{""type"":""MultiPoint"",""coordinates"":[]}"
603_0,0.69427997,"{""type"":""MultiPoint"",""coordinates"":[]}"
604_0,0.47718304,"{""type"":""MultiPoint"",""coordinates"":[]}"
605_0,0.3540164,"{""type"":""MultiPoint"",""coordinates"":[]}"
606_0,0.42903224,"{""type"":""MultiPoint"",""coordinates"":[]}"
607_0,0.46387354,"{""type"":""MultiPoint"",""coordinates"":[]}"
608_0,0.32920837,"{""type"":""MultiPoint"",""coordinates"":[]}"
609_0,0.80975026,"{""type"":""MultiPoint"",""coordinates"":[]}"
610_0,0.26260677,"{""type"":""MultiPoint"",""coordinates"":[]}"
611_0,0.61715925,"{""type"":""MultiPoint"",""coordinates"":[]}"
612_0,0.69723624,"{""type"":""MultiPoint"",""coordinates"":[]}"
613_0,0.7105438,"{""type"":""MultiPoint"",""coordinates"":[]}"
614_0,0.66660976,"{""type"":""MultiPoint"",""coordinates"":[]}"
615_0,0.39736974,"{""type"":""MultiPoint"",""coordinates"":[]}"
616_0,0.26207018,"{""type"":""MultiPoint"",""coordinates"":[]}"
617_0,0.2180866,"{""type"":""MultiPoint"",""coordinates"":[]}"
618_0,0.48841763,"{""type"":""MultiPoint"",""coordinates"":[]}"
619_0,0.70110357,"{""type"":""MultiPoint"",""coordinates"":[]}"
620_0,0.45781654,"{""type"":""MultiPoint"",""coordinates"":[]}"
621_0,0.45375437,"{""type"":""MultiPoint"",""coordinates"":[]}"
622_0,0.39777353,"{""type"":""MultiPoint"",""coordinates"":[]}"
623_0,0.5521377,"{""type"":""MultiPoint"",""coordinates"":[]}"
624_0,0.44926253,"{""type"":""MultiPoint"",""coordinates"":[]}"
625_0,0.18938547,"{""type"":""MultiPoint"",""coordinates"":[]}"
626_0,0.59262097,"{""type"":""MultiPoint"",""coordinates"":[]}"
627_0,0.46668696,"{""type"":""MultiPoint"",""coordinates"":[]}"
628_0,0.24047562,"{""type"":""MultiPoint"",""coordinates"":[]}"
629_0,0.57114285,"{""type"":""MultiPoint"",""coordinates"":[]}"
630_0,0.49410406,"{""type"":""MultiPoint"",""coordinates"":[]}"
631_0,0.38924998,"{""type"":""MultiPoint"",""coordinates"":[]}"
632_0,0.40187553,"{""type"":""MultiPoint"",""coordinates"":[]}"
633_0,0.7359305,"{""type"":""MultiPoint"",""coordinates"":[]}"
634_0,0.5272116,"{""type"":""MultiPoint"",""coordinates"":[]}"
635_0,0.709853,"{""type"":""MultiPoint"",""coordinates"":[]}"
636_0,0.29463097,"{""type"":""MultiPoint"",""coordinates"":[]}"
637_0,0.377569,"{""type"":""MultiPoint"",""coordinates"":[]}"
638_0,0.5862855,"{""type"":""MultiPoint"",""coordinates"":[]}"
639_0,0.3506305,"{""type"":""MultiPoint"",""coordinates"":[]}"
640_0,0.6589718,"{""type"":""MultiPoint"",""coordinates"":[]}"
641_0,0.7104611,"{""type"":""MultiPoint"",""coordinates"":[]}"
642_0,0.7432402,"{""type"":""MultiPoint"",""coordinates"":[]}"
644_0,0.55073524,"{""type"":""MultiPoint"",""coordinates"":[]}"
645_0,0.541424,"{""type"":""MultiPoint"",""coordinates"":[]}"
646_0,0.5562424,"{""type"":""MultiPoint"",""coordinates"":[]}"
647_0,0.59410244,"{""type"":""MultiPoint"",""coordinates"":[]}"
648_0,0.2100253,"{""type"":""MultiPoint"",""coordinates"":[]}"
649_0,0.5997131,"{""type"":""MultiPoint"",""coordinates"":[]}"
650_0,0.6901328,"{""type"":""MultiPoint"",""coordinates"":[]}"
651_0,0.5883222,"{""type"":""MultiPoint"",""coordinates"":[]}"
652_0,0.7728859,"{""type"":""MultiPoint"",""coordinates"":[]}"
653_0,0.78747904,"{""type"":""MultiPoint"",""coordinates"":[]}"
654_0,0.80314994,"{""type"":""MultiPoint"",""coordinates"":[]}"
655_0,0.4022517,"{""type"":""MultiPoint"",""coordinates"":[]}"
656_0,0.7263136,"{""type"":""MultiPoint"",""coordinates"":[]}"
657_0,0.45611855,"{""type"":""MultiPoint"",""coordinates"":[]}"
658_0,0.6924247,"{""type"":""MultiPoint"",""coordinates"":[]}"
659_0,0.4908916,"{""type"":""MultiPoint"",""coordinates"":[]}"
660_0,0.62940407,"{""type"":""MultiPoint"",""coordinates"":[]}"
661_0,0.42156452,"{""type"":""MultiPoint"",""coordinates"":[]}"
662_0,0.41285422,"{""type"":""MultiPoint"",""coordinates"":[]}"
663_0,0.54617935,"{""type"":""MultiPoint"",""coordinates"":[]}"
664_0,0.4461717,"{""type"":""MultiPoint"",""coordinates"":[]}"
665_0,0.5168933,"{""type"":""MultiPoint"",""coordinates"":[]}"
666_0,0.5058136,"{""type"":""MultiPoint"",""coordinates"":[]}"
667_0,0.70709205,"{""type"":""MultiPoint"",""coordinates"":[]}"
668_0,0.7448511,"{""type"":""MultiPoint"",""coordinates"":[]}"
669_0,0.79945475,"{""type"":""MultiPoint"",""coordinates"":[]}"
670_0,0.5879675,"{""type"":""MultiPoint"",""coordinates"":[]}"
671_0,0.85239947,"{""type"":""MultiPoint"",""coordinates"":[]}"
672_0,0.42218748,"{""type"":""MultiPoint"",""coordinates"":[]}"
673_0,0.6535432,"{""type"":""MultiPoint"",""coordinates"":[]}"
674_0,0.5983078,"{""type"":""MultiPoint"",""coordinates"":[]}"
675_0,0.7261051,"{""type"":""MultiPoint"",""coordinates"":[]}"
676_0,0.5288436,"{""type"":""MultiPoint"",""coordinates"":[]}"
677_0,0.4738162,"{""type"":""MultiPoint"",""coordinates"":[]}"
678_0,0.26354718,"{""type"":""MultiPoint"",""coordinates"":[]}"
679_0,0.45523494,"{""type"":""MultiPoint"",""coordinates"":[]}"
680_0,0.18748817,"{""type"":""MultiPoint"",""coordinates"":[]}"
681_0,0.5337609,"{""type"":""MultiPoint"",""coordinates"":[]}"
682_0,0.75497293,"{""type"":""MultiPoint"",""coordinates"":[]}"
683_0,0.40950483,"{""type"":""MultiPoint"",""coordinates"":[]}"
684_0,0.7351329,"{""type"":""MultiPoint"",""coordinates"":[]}"
685_0,0.52565724,"{""type"":""MultiPoint"",""coordinates"":[]}"
686_0,0.6437075,"{""type"":""MultiPoint"",""coordinates"":[]}"
687_0,0.48159462,"{""type"":""MultiPoint"",""coordinates"":[]}"
688_0,0.22685856,"{""type"":""MultiPoint"",""coordinates"":[]}"
689_0,0.72818,"{""type"":""MultiPoint"",""coordinates"":[]}"
690_0,0.49756795,"{""type"":""MultiPoint"",""coordinates"":[]}"
691_0,0.31849882,"{""type"":""MultiPoint"",""coordinates"":[]}"
692_0,0.5691792,"{""type"":""MultiPoint"",""coordinates"":[]}"
693_0,0.67868567,"{""type"":""MultiPoint"",""coordinates"":[]}"
694_0,0.2053036,"{""type"":""MultiPoint"",""coordinates"":[]}"
695_0,0.22535141,"{""type"":""MultiPoint"",""coordinates"":[]}"
696_0,0.50165695,"{""type"":""MultiPoint"",""coordinates"":[]}"
697_0,0.27910995,"{""type"":""MultiPoint"",""coordinates"":[]}"
698_0,0.80190647,"{""type"":""MultiPoint"",""coordinates"":[]}"
699_0,0.5014869,"{""type"":""MultiPoint"",""coordinates"":[]}"
700_0,0.47738695,"{""type"":""MultiPoint"",""coordinates"":[]}"
701_0,0.31291392,"{""type"":""MultiPoint"",""coordinates"":[]}"
702_0,0.53650117,"{""type"":""MultiPoint"",""coordinates"":[]}"
703_0,0.4730196,"{""type"":""MultiPoint"",""coordinates"":[]}"
704_0,0.34169605,"{""type"":""MultiPoint"",""coordinates"":[]}"
705_0,0.46776477,"{""type"":""MultiPoint"",""coordinates"":[]}"
706_0,0.64012206,"{""type"":""MultiPoint"",""coordinates"":[]}"
707_0,0.297469,"{""type"":""MultiPoint"",""coordinates"":[]}"
708_0,0.36629868,"{""type"":""MultiPoint"",""coordinates"":[]}"
709_0,0.0978375,"{""type"":""MultiPoint"",""coordinates"":[]}"
710_0,0.5100491,"{""type"":""MultiPoint"",""coordinates"":[]}"
711_0,0.48118377,"{""type"":""MultiPoint"",""coordinates"":[]}"
712_0,0.77035683,"{""type"":""MultiPoint"",""coordinates"":[]}"
713_0,0.62870914,"{""type"":""MultiPoint"",""coordinates"":[]}"
714_0,0.4744085,"{""type"":""MultiPoint"",""coordinates"":[]}"
715_0,0.5672558,"{""type"":""MultiPoint"",""coordinates"":[]}"
716_0,0.714198,"{""type"":""MultiPoint"",""coordinates"":[]}"
717_0,0.789601,"{""type"":""MultiPoint"",""coordinates"":[]}"
718_0,0.7041144,"{""type"":""MultiPoint"",""coordinates"":[]}"
719_0,0.7483901,"{""type"":""MultiPoint"",""coordinates"":[]}"
720_0,0.5570056,"{""type"":""MultiPoint"",""coordinates"":[]}"
721_0,0.5147337,"{""type"":""MultiPoint"",""coordinates"":[]}"
722_0,0.52145696,"{""type"":""MultiPoint"",""coordinates"":[]}"
723_0,0.7019395,"{""type"":""MultiPoint"",""coordinates"":[]}"
724_0,0.5074606,"{""type"":""MultiPoint"",""coordinates"":[]}"
725_0,0.29463562,"{""type"":""MultiPoint"",""coordinates"":[]}"
726_0,0.77818066,"{""type"":""MultiPoint"",""coordinates"":[]}"
727_0,0.36902168,"{""type"":""MultiPoint"",""coordinates"":[]}"
728_0,0.42059115,"{""type"":""MultiPoint"",""coordinates"":[]}"
729_0,0.40008032,"{""type"":""MultiPoint"",""coordinates"":[]}"
730_0,0.5710839,"{""type"":""MultiPoint"",""coordinates"":[]}"
731_0,0.7081338,"{""type"":""MultiPoint"",""coordinates"":[]}"
732_0,0.7408576,"{""type"":""MultiPoint"",""coordinates"":[]}"
733_0,0.5525477,"{""type"":""MultiPoint"",""coordinates"":[]}"
734_0,0.7943053,"{""type"":""MultiPoint"",""coordinates"":[]}"
735_0,0.52934,"{""type"":""MultiPoint"",""coordinates"":[]}"
736_0,0.6204161,"{""type"":""MultiPoint"",""coordinates"":[]}"
737_0,0.71207994,"{""type"":""MultiPoint"",""coordinates"":[]}"
738_0,0.24033567,"{""type"":""MultiPoint"",""coordinates"":[]}"
739_0,0.48424116,"{""type"":""MultiPoint"",""coordinates"":[]}"
740_0,0.8285044,"{""type"":""MultiPoint"",""coordinates"":[]}"
741_0,0.44110024,"{""type"":""MultiPoint"",""coordinates"":[]}"
742_0,0.5652808,"{""type"":""MultiPoint"",""coordinates"":[]}"
743_0,0.86586267,"{""type"":""MultiPoint"",""coordinates"":[]}"
744_0,0.43210304,"{""type"":""MultiPoint"",""coordinates"":[]}"
745_0,0.5655184,"{""type"":""MultiPoint"",""coordinates"":[]}"
746_0,0.3558772,"{""type"":""MultiPoint"",""coordinates"":[]}"
747_0,0.13520958,"{""type"":""MultiPoint"",""coordinates"":[]}"
748_0,0.6923051,"{""type"":""MultiPoint"",""coordinates"":[]}"
749_0,0.35395128,"{""type"":""MultiPoint"",""coordinates"":[]}"
750_0,0.44198513,"{""type"":""MultiPoint"",""coordinates"":[]}"
751_0,0.7743618,"{""type"":""MultiPoint"",""coordinates"":[]}"
752_0,0.63205945,"{""type"":""MultiPoint"",""coordinates"":[]}"
753_0,0.50978327,"{""type"":""MultiPoint"",""coordinates"":[]}"
754_0,0.3400113,"{""type"":""MultiPoint"",""coordinates"":[]}"
755_0,0.47995335,"{""type"":""MultiPoint"",""coordinates"":[]}"
756_0,0.7572097,"{""type"":""MultiPoint"",""coordinates"":[]}"
757_0,0.33552718,"{""type"":""MultiPoint"",""coordinates"":[]}"
758_0,0.6868128,"{""type"":""MultiPoint"",""coordinates"":[]}"
759_0,0.81099874,"{""type"":""MultiPoint"",""coordinates"":[]}"
760_0,0.29156768,"{""type"":""MultiPoint"",""coordinates"":[]}"
761_0,0.6197048,"{""type"":""MultiPoint"",""coordinates"":[]}"
762_0,0.40533257,"{""type"":""MultiPoint"",""coordinates"":[]}"
763_0,0.42659917,"{""type"":""MultiPoint"",""coordinates"":[]}"
764_0,0.34719747,"{""type"":""MultiPoint"",""coordinates"":[]}"
765_0,0.44794387,"{""type"":""MultiPoint"",""coordinates"":[]}"
766_0,0.7224132,"{""type"":""MultiPoint"",""coordinates"":[]}"
767_0,0.5035688,"{""type"":""MultiPoint"",""coordinates"":[]}"
768_0,0.48884177,"{""type"":""MultiPoint"",""coordinates"":[]}"
769_0,0.63224846,"{""type"":""MultiPoint"",""coordinates"":[]}"
770_0,0.6145471,"{""type"":""MultiPoint"",""coordinates"":[]}"
771_0,0.49174225,"{""type"":""MultiPoint"",""coordinates"":[]}"
772_0,0.48765314,"{""type"":""MultiPoint"",""coordinates"":[]}"
773_0,0.47187698,"{""type"":""MultiPoint"",""coordinates"":[]}"
774_0,0.4466408,"{""type"":""MultiPoint"",""coordinates"":[]}"
775_0,0.3325799,"{""type"":""MultiPoint"",""coordinates"":[]}"
776_0,0.73796195,"{""type"":""MultiPoint"",""coordinates"":[]}"
777_0,0.33921033,"{""type"":""MultiPoint"",""coordinates"":[]}"
778_0,0.3075032,"{""type"":""MultiPoint"",""coordinates"":[]}"
779_0,0.54572755,"{""type"":""MultiPoint"",""coordinates"":[]}"
780_0,0.4508213,"{""type"":""MultiPoint"",""coordinates"":[]}"
781_0,0.59737295,"{""type"":""MultiPoint"",""coordinates"":[]}"
782_0,0.37535948,"{""type"":""MultiPoint"",""coordinates"":[]}"
783_0,0.7554541,"{""type"":""MultiPoint"",""coordinates"":[]}"
784_0,0.4165999,"{""type"":""MultiPoint"",""coordinates"":[]}"
785_0,0.50275356,"{""type"":""MultiPoint"",""coordinates"":[]}"
786_0,0.5919137,"{""type"":""MultiPoint"",""coordinates"":[]}"
787_0,0.5391546,"{""type"":""MultiPoint"",""coordinates"":[]}"
788_0,0.46736342,"{""type"":""MultiPoint"",""coordinates"":[]}"
789_0,0.36866325,"{""type"":""MultiPoint"",""coordinates"":[]}"
790_0,0.38823503,"{""type"":""MultiPoint"",""coordinates"":[]}"
791_0,0.35605356,"{""type"":""MultiPoint"",""coordinates"":[]}"
792_0,0.76594585,"{""type"":""MultiPoint"",""coordinates"":[]}"
793_0,0.7378799,"{""type"":""MultiPoint"",""coordinates"":[]}"
794_0,0.7359175,"{""type"":""MultiPoint"",""coordinates"":[]}"
795_0,0.7789592,"{""type"":""MultiPoint"",""coordinates"":[]}"
796_0,0.47175097,"{""type"":""MultiPoint"",""coordinates"":[]}"
797_0,0.5255075,"{""type"":""MultiPoint"",""coordinates"":[]}"
798_0,0.5106009,"{""type"":""MultiPoint"",""coordinates"":[]}"
799_0,0.3588902,"{""type"":""MultiPoint"",""coordinates"":[]}"
800_0,0.8236959,"{""type"":""MultiPoint"",""coordinates"":[]}"
801_0,0.8094264,"{""type"":""MultiPoint"",""coordinates"":[]}"
802_0,0.49465063,"{""type"":""MultiPoint"",""coordinates"":[]}"
803_0,0.6443023,"{""type"":""MultiPoint"",""coordinates"":[]}"
804_0,0.4035208,"{""type"":""MultiPoint"",""coordinates"":[]}"
805_0,0.71429276,"{""type"":""MultiPoint"",""coordinates"":[]}"
806_0,0.51695913,"{""type"":""MultiPoint"",""coordinates"":[]}"
807_0,0.7229118,"{""type"":""MultiPoint"",""coordinates"":[]}"
808_0,0.51302785,"{""type"":""MultiPoint"",""coordinates"":[]}"
809_0,0.6019376,"{""type"":""MultiPoint"",""coordinates"":[]}"
810_0,0.59176373,"{""type"":""MultiPoint"",""coordinates"":[]}"
811_0,0.7546579,"{""type"":""MultiPoint"",""coordinates"":[]}"
812_0,0.43421835,"{""type"":""MultiPoint"",""coordinates"":[]}"
813_0,0.33938116,"{""type"":""MultiPoint"",""coordinates"":[]}"
814_0,0.744523,"{""type"":""MultiPoint"",""coordinates"":[]}"
815_0,0.42673057,"{""type"":""MultiPoint"",""coordinates"":[]}"
816_0,0.46634746,"{""type"":""MultiPoint"",""coordinates"":[]}"
817_0,0.52143115,"{""type"":""MultiPoint"",""coordinates"":[]}"
818_0,0.35549787,"{""type"":""MultiPoint"",""coordinates"":[]}"
819_0,0.2477236,"{""type"":""MultiPoint"",""coordinates"":[]}"
820_0,0.43128958,"{""type"":""MultiPoint"",""coordinates"":[]}"
821_0,0.66693336,"{""type"":""MultiPoint"",""coordinates"":[]}"
822_0,0.35769987,"{""type"":""MultiPoint"",""coordinates"":[]}"
823_0,0.43522543,"{""type"":""MultiPoint"",""coordinates"":[]}"
824_0,0.52914995,"{""type"":""MultiPoint"",""coordinates"":[]}"
825_0,0.63240165,"{""type"":""MultiPoint"",""coordinates"":[]}"
826_0,0.33664832,"{""type"":""MultiPoint"",""coordinates"":[]}"
827_0,0.6895828,"{""type"":""MultiPoint"",""coordinates"":[]}"
828_0,0.43634063,"{""type"":""MultiPoint"",""coordinates"":[]}"
829_0,0.12174776,"{""type"":""MultiPoint"",""coordinates"":[]}"
830_0,0.5338816,"{""type"":""MultiPoint"",""coordinates"":[]}"
831_0,0.7109989,"{""type"":""MultiPoint"",""coordinates"":[]}"
832_0,0.6080645,"{""type"":""MultiPoint"",""coordinates"":[]}"
