system:index,elevation,.geo
0_0,445,"{""type"":""MultiPoint"",""coordinates"":[]}"
1_0,361,"{""type"":""MultiPoint"",""coordinates"":[]}"
2_0,145,"{""type"":""MultiPoint"",""coordinates"":[]}"
3_0,257,"{""type"":""MultiPoint"",""coordinates"":[]}"
4_0,872,"{""type"":""MultiPoint"",""coordinates"":[]}"
5_0,142,"{""type"":""MultiPoint"",""coordinates"":[]}"
6_0,298,"{""type"":""MultiPoint"",""coordinates"":[]}"
7_0,437,"{""type"":""MultiPoint"",""coordinates"":[]}"
8_0,203,"{""type"":""MultiPoint"",""coordinates"":[]}"
9_0,330,"{""type"":""MultiPoint"",""coordinates"":[]}"
10_0,245,"{""type"":""MultiPoint"",""coordinates"":[]}"
11_0,326,"{""type"":""MultiPoint"",""coordinates"":[]}"
12_0,210,"{""type"":""MultiPoint"",""coordinates"":[]}"
13_0,399,"{""type"":""MultiPoint"",""coordinates"":[]}"
14_0,104,"{""type"":""MultiPoint"",""coordinates"":[]}"
15_0,219,"{""type"":""MultiPoint"",""coordinates"":[]}"
16_0,589,"{""type"":""MultiPoint"",""coordinates"":[]}"
17_0,60,"{""type"":""MultiPoint"",""coordinates"":[]}"
18_0,863,"{""type"":""MultiPoint"",""coordinates"":[]}"
19_0,18,"{""type"":""MultiPoint"",""coordinates"":[]}"
20_0,117,"{""type"":""MultiPoint"",""coordinates"":[]}"
21_0,427,"{""type"":""MultiPoint"",""coordinates"":[]}"
22_0,157,"{""type"":""MultiPoint"",""coordinates"":[]}"
23_0,142,"{""type"":""MultiPoint"",""coordinates"":[]}"
24_0,614,"{""type"":""MultiPoint"",""coordinates"":[]}"
25_0,542,"{""type"":""MultiPoint"",""coordinates"":[]}"
26_0,838,"{""type"":""MultiPoint"",""coordinates"":[]}"
27_0,84,"{""type"":""MultiPoint"",""coordinates"":[]}"
28_0,435,"{""type"":""MultiPoint"",""coordinates"":[]}"
29_0,241,"{""type"":""MultiPoint"",""coordinates"":[]}"
30_0,165,"{""type"":""MultiPoint"",""coordinates"":[]}"
31_0,392,"{""type"":""MultiPoint"",""coordinates"":[]}"
32_0,161,"{""type"":""MultiPoint"",""coordinates"":[]}"
33_0,535,"{""type"":""MultiPoint"",""coordinates"":[]}"
34_0,197,"{""type"":""MultiPoint"",""coordinates"":[]}"
35_0,658,"{""type"":""MultiPoint"",""coordinates"":[]}"
36_0,97,"{""type"":""MultiPoint"",""coordinates"":[]}"
37_0,438,"{""type"":""MultiPoint"",""coordinates"":[]}"
38_0,36,"{""type"":""MultiPoint"",""coordinates"":[]}"
39_0,417,"{""type"":""MultiPoint"",""coordinates"":[]}"
40_0,163,"{""type"":""MultiPoint"",""coordinates"":[]}"
41_0,318,"{""type"":""MultiPoint"",""coordinates"":[]}"
42_0,176,"{""type"":""MultiPoint"",""coordinates"":[]}"
43_0,42,"{""type"":""MultiPoint"",""coordinates"":[]}"
44_0,122,"{""type"":""MultiPoint"",""coordinates"":[]}"
45_0,80,"{""type"":""MultiPoint"",""coordinates"":[]}"
46_0,187,"{""type"":""MultiPoint"",""coordinates"":[]}"
47_0,104,"{""type"":""MultiPoint"",""coordinates"":[]}"
48_0,100,"{""type"":""MultiPoint"",""coordinates"":[]}"
49_0,64,"{""type"":""MultiPoint"",""coordinates"":[]}"
50_0,362,"{""type"":""MultiPoint"",""coordinates"":[]}"
51_0,13,"{""type"":""MultiPoint"",""coordinates"":[]}"
52_0,1408,"{""type"":""MultiPoint"",""coordinates"":[]}"
53_0,855,"{""type"":""MultiPoint"",""coordinates"":[]}"
54_0,433,"{""type"":""MultiPoint"",""coordinates"":[]}"
55_0,228,"{""type"":""MultiPoint"",""coordinates"":[]}"
56_0,994,"{""type"":""MultiPoint"",""coordinates"":[]}"
57_0,393,"{""type"":""MultiPoint"",""coordinates"":[]}"
58_0,360,"{""type"":""MultiPoint"",""coordinates"":[]}"
59_0,184,"{""type"":""MultiPoint"",""coordinates"":[]}"
60_0,241,"{""type"":""MultiPoint"",""coordinates"":[]}"
61_0,240,"{""type"":""MultiPoint"",""coordinates"":[]}"
62_0,410,"{""type"":""MultiPoint"",""coordinates"":[]}"
63_0,1070,"{""type"":""MultiPoint"",""coordinates"":[]}"
64_0,210,"{""type"":""MultiPoint"",""coordinates"":[]}"
65_0,148,"{""type"":""MultiPoint"",""coordinates"":[]}"
66_0,524,"{""type"":""MultiPoint"",""coordinates"":[]}"
67_0,209,"{""type"":""MultiPoint"",""coordinates"":[]}"
68_0,834,"{""type"":""MultiPoint"",""coordinates"":[]}"
69_0,489,"{""type"":""MultiPoint"",""coordinates"":[]}"
70_0,803,"{""type"":""MultiPoint"",""coordinates"":[]}"
71_0,584,"{""type"":""MultiPoint"",""coordinates"":[]}"
72_0,1032,"{""type"":""MultiPoint"",""coordinates"":[]}"
73_0,439,"{""type"":""MultiPoint"",""coordinates"":[]}"
74_0,317,"{""type"":""MultiPoint"",""coordinates"":[]}"
75_0,260,"{""type"":""MultiPoint"",""coordinates"":[]}"
76_0,225,"{""type"":""MultiPoint"",""coordinates"":[]}"
77_0,838,"{""type"":""MultiPoint"",""coordinates"":[]}"
78_0,267,"{""type"":""MultiPoint"",""coordinates"":[]}"
79_0,268,"{""type"":""MultiPoint"",""coordinates"":[]}"
80_0,159,"{""type"":""MultiPoint"",""coordinates"":[]}"
81_0,256,"{""type"":""MultiPoint"",""coordinates"":[]}"
82_0,196,"{""type"":""MultiPoint"",""coordinates"":[]}"
83_0,191,"{""type"":""MultiPoint"",""coordinates"":[]}"
84_0,195,"{""type"":""MultiPoint"",""coordinates"":[]}"
85_0,267,"{""type"":""MultiPoint"",""coordinates"":[]}"
86_0,238,"{""type"":""MultiPoint"",""coordinates"":[]}"
87_0,429,"{""type"":""MultiPoint"",""coordinates"":[]}"
88_0,1578,"{""type"":""MultiPoint"",""coordinates"":[]}"
89_0,960,"{""type"":""MultiPoint"",""coordinates"":[]}"
90_0,430,"{""type"":""MultiPoint"",""coordinates"":[]}"
91_0,84,"{""type"":""MultiPoint"",""coordinates"":[]}"
92_0,740,"{""type"":""MultiPoint"",""coordinates"":[]}"
93_0,265,"{""type"":""MultiPoint"",""coordinates"":[]}"
94_0,129,"{""type"":""MultiPoint"",""coordinates"":[]}"
95_0,803,"{""type"":""MultiPoint"",""coordinates"":[]}"
96_0,138,"{""type"":""MultiPoint"",""coordinates"":[]}"
97_0,135,"{""type"":""MultiPoint"",""coordinates"":[]}"
98_0,594,"{""type"":""MultiPoint"",""coordinates"":[]}"
99_0,146,"{""type"":""MultiPoint"",""coordinates"":[]}"
100_0,66,"{""type"":""MultiPoint"",""coordinates"":[]}"
101_0,343,"{""type"":""MultiPoint"",""coordinates"":[]}"
102_0,77,"{""type"":""MultiPoint"",""coordinates"":[]}"
103_0,470,"{""type"":""MultiPoint"",""coordinates"":[]}"
104_0,345,"{""type"":""MultiPoint"",""coordinates"":[]}"
105_0,457,"{""type"":""MultiPoint"",""coordinates"":[]}"
106_0,278,"{""type"":""MultiPoint"",""coordinates"":[]}"
107_0,144,"{""type"":""MultiPoint"",""coordinates"":[]}"
108_0,1184,"{""type"":""MultiPoint"",""coordinates"":[]}"
109_0,561,"{""type"":""MultiPoint"",""coordinates"":[]}"
110_0,148,"{""type"":""MultiPoint"",""coordinates"":[]}"
111_0,574,"{""type"":""MultiPoint"",""coordinates"":[]}"
112_0,3,"{""type"":""MultiPoint"",""coordinates"":[]}"
113_0,58,"{""type"":""MultiPoint"",""coordinates"":[]}"
114_0,205,"{""type"":""MultiPoint"",""coordinates"":[]}"
115_0,516,"{""type"":""MultiPoint"",""coordinates"":[]}"
116_0,348,"{""type"":""MultiPoint"",""coordinates"":[]}"
117_0,380,"{""type"":""MultiPoint"",""coordinates"":[]}"
118_0,60,"{""type"":""MultiPoint"",""coordinates"":[]}"
119_0,23,"{""type"":""MultiPoint"",""coordinates"":[]}"
120_0,214,"{""type"":""MultiPoint"",""coordinates"":[]}"
121_0,209,"{""type"":""MultiPoint"",""coordinates"":[]}"
122_0,1078,"{""type"":""MultiPoint"",""coordinates"":[]}"
123_0,352,"{""type"":""MultiPoint"",""coordinates"":[]}"
124_0,450,"{""type"":""MultiPoint"",""coordinates"":[]}"
125_0,360,"{""type"":""MultiPoint"",""coordinates"":[]}"
126_0,1136,"{""type"":""MultiPoint"",""coordinates"":[]}"
127_0,823,"{""type"":""MultiPoint"",""coordinates"":[]}"
128_0,275,"{""type"":""MultiPoint"",""coordinates"":[]}"
129_0,285,"{""type"":""MultiPoint"",""coordinates"":[]}"
130_0,252,"{""type"":""MultiPoint"",""coordinates"":[]}"
131_0,815,"{""type"":""MultiPoint"",""coordinates"":[]}"
132_0,188,"{""type"":""MultiPoint"",""coordinates"":[]}"
133_0,171,"{""type"":""MultiPoint"",""coordinates"":[]}"
134_0,767,"{""type"":""MultiPoint"",""coordinates"":[]}"
135_0,162,"{""type"":""MultiPoint"",""coordinates"":[]}"
136_0,425,"{""type"":""MultiPoint"",""coordinates"":[]}"
137_0,584,"{""type"":""MultiPoint"",""coordinates"":[]}"
138_0,431,"{""type"":""MultiPoint"",""coordinates"":[]}"
139_0,150,"{""type"":""MultiPoint"",""coordinates"":[]}"
140_0,158,"{""type"":""MultiPoint"",""coordinates"":[]}"
141_0,405,"{""type"":""MultiPoint"",""coordinates"":[]}"
142_0,125,"{""type"":""MultiPoint"",""coordinates"":[]}"
143_0,151,"{""type"":""MultiPoint"",""coordinates"":[]}"
144_0,507,"{""type"":""MultiPoint"",""coordinates"":[]}"
145_0,931,"{""type"":""MultiPoint"",""coordinates"":[]}"
146_0,823,"{""type"":""MultiPoint"",""coordinates"":[]}"
147_0,365,"{""type"":""MultiPoint"",""coordinates"":[]}"
148_0,189,"{""type"":""MultiPoint"",""coordinates"":[]}"
149_0,320,"{""type"":""MultiPoint"",""coordinates"":[]}"
150_0,663,"{""type"":""MultiPoint"",""coordinates"":[]}"
151_0,152,"{""type"":""MultiPoint"",""coordinates"":[]}"
152_0,444,"{""type"":""MultiPoint"",""coordinates"":[]}"
153_0,204,"{""type"":""MultiPoint"",""coordinates"":[]}"
154_0,57,"{""type"":""MultiPoint"",""coordinates"":[]}"
155_0,711,"{""type"":""MultiPoint"",""coordinates"":[]}"
156_0,53,"{""type"":""MultiPoint"",""coordinates"":[]}"
157_0,141,"{""type"":""MultiPoint"",""coordinates"":[]}"
158_0,545,"{""type"":""MultiPoint"",""coordinates"":[]}"
159_0,129,"{""type"":""MultiPoint"",""coordinates"":[]}"
160_0,81,"{""type"":""MultiPoint"",""coordinates"":[]}"
161_0,322,"{""type"":""MultiPoint"",""coordinates"":[]}"
162_0,236,"{""type"":""MultiPoint"",""coordinates"":[]}"
163_0,112,"{""type"":""MultiPoint"",""coordinates"":[]}"
164_0,237,"{""type"":""MultiPoint"",""coordinates"":[]}"
165_0,800,"{""type"":""MultiPoint"",""coordinates"":[]}"
166_0,501,"{""type"":""MultiPoint"",""coordinates"":[]}"
167_0,155,"{""type"":""MultiPoint"",""coordinates"":[]}"
168_0,208,"{""type"":""MultiPoint"",""coordinates"":[]}"
169_0,51,"{""type"":""MultiPoint"",""coordinates"":[]}"
170_0,641,"{""type"":""MultiPoint"",""coordinates"":[]}"
171_0,153,"{""type"":""MultiPoint"",""coordinates"":[]}"
172_0,236,"{""type"":""MultiPoint"",""coordinates"":[]}"
173_0,240,"{""type"":""MultiPoint"",""coordinates"":[]}"
174_0,90,"{""type"":""MultiPoint"",""coordinates"":[]}"
175_0,407,"{""type"":""MultiPoint"",""coordinates"":[]}"
176_0,44,"{""type"":""MultiPoint"",""coordinates"":[]}"
177_0,279,"{""type"":""MultiPoint"",""coordinates"":[]}"
178_0,313,"{""type"":""MultiPoint"",""coordinates"":[]}"
179_0,102,"{""type"":""MultiPoint"",""coordinates"":[]}"
180_0,126,"{""type"":""MultiPoint"",""coordinates"":[]}"
181_0,71,"{""type"":""MultiPoint"",""coordinates"":[]}"
182_0,785,"{""type"":""MultiPoint"",""coordinates"":[]}"
183_0,308,"{""type"":""MultiPoint"",""coordinates"":[]}"
184_0,990,"{""type"":""MultiPoint"",""coordinates"":[]}"
185_0,636,"{""type"":""MultiPoint"",""coordinates"":[]}"
186_0,157,"{""type"":""MultiPoint"",""coordinates"":[]}"
187_0,157,"{""type"":""MultiPoint"",""coordinates"":[]}"
188_0,453,"{""type"":""MultiPoint"",""coordinates"":[]}"
189_0,367,"{""type"":""MultiPoint"",""coordinates"":[]}"
190_0,178,"{""type"":""MultiPoint"",""coordinates"":[]}"
191_0,180,"{""type"":""MultiPoint"",""coordinates"":[]}"
192_0,226,"{""type"":""MultiPoint"",""coordinates"":[]}"
193_0,296,"{""type"":""MultiPoint"",""coordinates"":[]}"
194_0,209,"{""type"":""MultiPoint"",""coordinates"":[]}"
195_0,398,"{""type"":""MultiPoint"",""coordinates"":[]}"
196_0,58,"{""type"":""MultiPoint"",""coordinates"":[]}"
197_0,431,"{""type"":""MultiPoint"",""coordinates"":[]}"
198_0,402,"{""type"":""MultiPoint"",""coordinates"":[]}"
199_0,570,"{""type"":""MultiPoint"",""coordinates"":[]}"
200_0,689,"{""type"":""MultiPoint"",""coordinates"":[]}"
201_0,364,"{""type"":""MultiPoint"",""coordinates"":[]}"
202_0,164,"{""type"":""MultiPoint"",""coordinates"":[]}"
203_0,153,"{""type"":""MultiPoint"",""coordinates"":[]}"
204_0,251,"{""type"":""MultiPoint"",""coordinates"":[]}"
205_0,334,"{""type"":""MultiPoint"",""coordinates"":[]}"
206_0,47,"{""type"":""MultiPoint"",""coordinates"":[]}"
207_0,911,"{""type"":""MultiPoint"",""coordinates"":[]}"
208_0,219,"{""type"":""MultiPoint"",""coordinates"":[]}"
209_0,537,"{""type"":""MultiPoint"",""coordinates"":[]}"
210_0,320,"{""type"":""MultiPoint"",""coordinates"":[]}"
211_0,140,"{""type"":""MultiPoint"",""coordinates"":[]}"
212_0,140,"{""type"":""MultiPoint"",""coordinates"":[]}"
213_0,266,"{""type"":""MultiPoint"",""coordinates"":[]}"
214_0,301,"{""type"":""MultiPoint"",""coordinates"":[]}"
215_0,153,"{""type"":""MultiPoint"",""coordinates"":[]}"
216_0,59,"{""type"":""MultiPoint"",""coordinates"":[]}"
217_0,271,"{""type"":""MultiPoint"",""coordinates"":[]}"
218_0,142,"{""type"":""MultiPoint"",""coordinates"":[]}"
219_0,387,"{""type"":""MultiPoint"",""coordinates"":[]}"
220_0,588,"{""type"":""MultiPoint"",""coordinates"":[]}"
221_0,112,"{""type"":""MultiPoint"",""coordinates"":[]}"
222_0,730,"{""type"":""MultiPoint"",""coordinates"":[]}"
223_0,423,"{""type"":""MultiPoint"",""coordinates"":[]}"
224_0,404,"{""type"":""MultiPoint"",""coordinates"":[]}"
225_0,121,"{""type"":""MultiPoint"",""coordinates"":[]}"
226_0,210,"{""type"":""MultiPoint"",""coordinates"":[]}"
227_0,176,"{""type"":""MultiPoint"",""coordinates"":[]}"
228_0,629,"{""type"":""MultiPoint"",""coordinates"":[]}"
229_0,381,"{""type"":""MultiPoint"",""coordinates"":[]}"
230_0,104,"{""type"":""MultiPoint"",""coordinates"":[]}"
231_0,277,"{""type"":""MultiPoint"",""coordinates"":[]}"
232_0,173,"{""type"":""MultiPoint"",""coordinates"":[]}"
233_0,277,"{""type"":""MultiPoint"",""coordinates"":[]}"
234_0,571,"{""type"":""MultiPoint"",""coordinates"":[]}"
235_0,124,"{""type"":""MultiPoint"",""coordinates"":[]}"
236_0,53,"{""type"":""MultiPoint"",""coordinates"":[]}"
237_0,205,"{""type"":""MultiPoint"",""coordinates"":[]}"
238_0,365,"{""type"":""MultiPoint"",""coordinates"":[]}"
239_0,333,"{""type"":""MultiPoint"",""coordinates"":[]}"
240_0,1387,"{""type"":""MultiPoint"",""coordinates"":[]}"
241_0,174,"{""type"":""MultiPoint"",""coordinates"":[]}"
242_0,142,"{""type"":""MultiPoint"",""coordinates"":[]}"
243_0,198,"{""type"":""MultiPoint"",""coordinates"":[]}"
244_0,155,"{""type"":""MultiPoint"",""coordinates"":[]}"
245_0,262,"{""type"":""MultiPoint"",""coordinates"":[]}"
246_0,134,"{""type"":""MultiPoint"",""coordinates"":[]}"
247_0,114,"{""type"":""MultiPoint"",""coordinates"":[]}"
248_0,143,"{""type"":""MultiPoint"",""coordinates"":[]}"
249_0,289,"{""type"":""MultiPoint"",""coordinates"":[]}"
250_0,378,"{""type"":""MultiPoint"",""coordinates"":[]}"
251_0,158,"{""type"":""MultiPoint"",""coordinates"":[]}"
252_0,377,"{""type"":""MultiPoint"",""coordinates"":[]}"
253_0,288,"{""type"":""MultiPoint"",""coordinates"":[]}"
254_0,165,"{""type"":""MultiPoint"",""coordinates"":[]}"
255_0,325,"{""type"":""MultiPoint"",""coordinates"":[]}"
256_0,203,"{""type"":""MultiPoint"",""coordinates"":[]}"
257_0,186,"{""type"":""MultiPoint"",""coordinates"":[]}"
258_0,272,"{""type"":""MultiPoint"",""coordinates"":[]}"
259_0,274,"{""type"":""MultiPoint"",""coordinates"":[]}"
260_0,56,"{""type"":""MultiPoint"",""coordinates"":[]}"
261_0,44,"{""type"":""MultiPoint"",""coordinates"":[]}"
262_0,99,"{""type"":""MultiPoint"",""coordinates"":[]}"
263_0,367,"{""type"":""MultiPoint"",""coordinates"":[]}"
264_0,664,"{""type"":""MultiPoint"",""coordinates"":[]}"
265_0,147,"{""type"":""MultiPoint"",""coordinates"":[]}"
266_0,813,"{""type"":""MultiPoint"",""coordinates"":[]}"
267_0,280,"{""type"":""MultiPoint"",""coordinates"":[]}"
268_0,551,"{""type"":""MultiPoint"",""coordinates"":[]}"
269_0,150,"{""type"":""MultiPoint"",""coordinates"":[]}"
270_0,428,"{""type"":""MultiPoint"",""coordinates"":[]}"
271_0,474,"{""type"":""MultiPoint"",""coordinates"":[]}"
272_0,602,"{""type"":""MultiPoint"",""coordinates"":[]}"
273_0,283,"{""type"":""MultiPoint"",""coordinates"":[]}"
274_0,59,"{""type"":""MultiPoint"",""coordinates"":[]}"
275_0,235,"{""type"":""MultiPoint"",""coordinates"":[]}"
276_0,123,"{""type"":""MultiPoint"",""coordinates"":[]}"
277_0,436,"{""type"":""MultiPoint"",""coordinates"":[]}"
278_0,54,"{""type"":""MultiPoint"",""coordinates"":[]}"
279_0,159,"{""type"":""MultiPoint"",""coordinates"":[]}"
280_0,60,"{""type"":""MultiPoint"",""coordinates"":[]}"
281_0,107,"{""type"":""MultiPoint"",""coordinates"":[]}"
282_0,133,"{""type"":""MultiPoint"",""coordinates"":[]}"
283_0,126,"{""type"":""MultiPoint"",""coordinates"":[]}"
284_0,24,"{""type"":""MultiPoint"",""coordinates"":[]}"
285_0,115,"{""type"":""MultiPoint"",""coordinates"":[]}"
286_0,185,"{""type"":""MultiPoint"",""coordinates"":[]}"
287_0,343,"{""type"":""MultiPoint"",""coordinates"":[]}"
288_0,0,"{""type"":""MultiPoint"",""coordinates"":[]}"
289_0,139,"{""type"":""MultiPoint"",""coordinates"":[]}"
290_0,595,"{""type"":""MultiPoint"",""coordinates"":[]}"
291_0,367,"{""type"":""MultiPoint"",""coordinates"":[]}"
292_0,1095,"{""type"":""MultiPoint"",""coordinates"":[]}"
293_0,224,"{""type"":""MultiPoint"",""coordinates"":[]}"
294_0,95,"{""type"":""MultiPoint"",""coordinates"":[]}"
295_0,149,"{""type"":""MultiPoint"",""coordinates"":[]}"
296_0,292,"{""type"":""MultiPoint"",""coordinates"":[]}"
297_0,366,"{""type"":""MultiPoint"",""coordinates"":[]}"
298_0,926,"{""type"":""MultiPoint"",""coordinates"":[]}"
299_0,497,"{""type"":""MultiPoint"",""coordinates"":[]}"
300_0,11,"{""type"":""MultiPoint"",""coordinates"":[]}"
301_0,402,"{""type"":""MultiPoint"",""coordinates"":[]}"
302_0,317,"{""type"":""MultiPoint"",""coordinates"":[]}"
303_0,113,"{""type"":""MultiPoint"",""coordinates"":[]}"
304_0,166,"{""type"":""MultiPoint"",""coordinates"":[]}"
305_0,165,"{""type"":""MultiPoint"",""coordinates"":[]}"
306_0,216,"{""type"":""MultiPoint"",""coordinates"":[]}"
307_0,169,"{""type"":""MultiPoint"",""coordinates"":[]}"
308_0,587,"{""type"":""MultiPoint"",""coordinates"":[]}"
309_0,593,"{""type"":""MultiPoint"",""coordinates"":[]}"
310_0,242,"{""type"":""MultiPoint"",""coordinates"":[]}"
311_0,185,"{""type"":""MultiPoint"",""coordinates"":[]}"
312_0,222,"{""type"":""MultiPoint"",""coordinates"":[]}"
313_0,128,"{""type"":""MultiPoint"",""coordinates"":[]}"
314_0,328,"{""type"":""MultiPoint"",""coordinates"":[]}"
315_0,239,"{""type"":""MultiPoint"",""coordinates"":[]}"
316_0,153,"{""type"":""MultiPoint"",""coordinates"":[]}"
317_0,534,"{""type"":""MultiPoint"",""coordinates"":[]}"
318_0,427,"{""type"":""MultiPoint"",""coordinates"":[]}"
319_0,372,"{""type"":""MultiPoint"",""coordinates"":[]}"
320_0,142,"{""type"":""MultiPoint"",""coordinates"":[]}"
321_0,144,"{""type"":""MultiPoint"",""coordinates"":[]}"
322_0,416,"{""type"":""MultiPoint"",""coordinates"":[]}"
323_0,303,"{""type"":""MultiPoint"",""coordinates"":[]}"
324_0,236,"{""type"":""MultiPoint"",""coordinates"":[]}"
325_0,44,"{""type"":""MultiPoint"",""coordinates"":[]}"
326_0,141,"{""type"":""MultiPoint"",""coordinates"":[]}"
327_0,798,"{""type"":""MultiPoint"",""coordinates"":[]}"
328_0,291,"{""type"":""MultiPoint"",""coordinates"":[]}"
329_0,153,"{""type"":""MultiPoint"",""coordinates"":[]}"
330_0,242,"{""type"":""MultiPoint"",""coordinates"":[]}"
331_0,135,"{""type"":""MultiPoint"",""coordinates"":[]}"
332_0,292,"{""type"":""MultiPoint"",""coordinates"":[]}"
333_0,136,"{""type"":""MultiPoint"",""coordinates"":[]}"
334_0,1096,"{""type"":""MultiPoint"",""coordinates"":[]}"
335_0,207,"{""type"":""MultiPoint"",""coordinates"":[]}"
336_0,68,"{""type"":""MultiPoint"",""coordinates"":[]}"
337_0,211,"{""type"":""MultiPoint"",""coordinates"":[]}"
338_0,201,"{""type"":""MultiPoint"",""coordinates"":[]}"
339_0,186,"{""type"":""MultiPoint"",""coordinates"":[]}"
340_0,483,"{""type"":""MultiPoint"",""coordinates"":[]}"
341_0,295,"{""type"":""MultiPoint"",""coordinates"":[]}"
342_0,445,"{""type"":""MultiPoint"",""coordinates"":[]}"
343_0,247,"{""type"":""MultiPoint"",""coordinates"":[]}"
344_0,145,"{""type"":""MultiPoint"",""coordinates"":[]}"
345_0,440,"{""type"":""MultiPoint"",""coordinates"":[]}"
346_0,228,"{""type"":""MultiPoint"",""coordinates"":[]}"
347_0,371,"{""type"":""MultiPoint"",""coordinates"":[]}"
348_0,529,"{""type"":""MultiPoint"",""coordinates"":[]}"
349_0,51,"{""type"":""MultiPoint"",""coordinates"":[]}"
350_0,205,"{""type"":""MultiPoint"",""coordinates"":[]}"
351_0,23,"{""type"":""MultiPoint"",""coordinates"":[]}"
352_0,101,"{""type"":""MultiPoint"",""coordinates"":[]}"
353_0,415,"{""type"":""MultiPoint"",""coordinates"":[]}"
354_0,50,"{""type"":""MultiPoint"",""coordinates"":[]}"
355_0,283,"{""type"":""MultiPoint"",""coordinates"":[]}"
356_0,851,"{""type"":""MultiPoint"",""coordinates"":[]}"
357_0,313,"{""type"":""MultiPoint"",""coordinates"":[]}"
358_0,247,"{""type"":""MultiPoint"",""coordinates"":[]}"
359_0,163,"{""type"":""MultiPoint"",""coordinates"":[]}"
360_0,764,"{""type"":""MultiPoint"",""coordinates"":[]}"
361_0,233,"{""type"":""MultiPoint"",""coordinates"":[]}"
362_0,170,"{""type"":""MultiPoint"",""coordinates"":[]}"
363_0,225,"{""type"":""MultiPoint"",""coordinates"":[]}"
364_0,382,"{""type"":""MultiPoint"",""coordinates"":[]}"
365_0,343,"{""type"":""MultiPoint"",""coordinates"":[]}"
366_0,133,"{""type"":""MultiPoint"",""coordinates"":[]}"
367_0,450,"{""type"":""MultiPoint"",""coordinates"":[]}"
368_0,360,"{""type"":""MultiPoint"",""coordinates"":[]}"
369_0,157,"{""type"":""MultiPoint"",""coordinates"":[]}"
370_0,210,"{""type"":""MultiPoint"",""coordinates"":[]}"
371_0,363,"{""type"":""MultiPoint"",""coordinates"":[]}"
372_0,261,"{""type"":""MultiPoint"",""coordinates"":[]}"
373_0,152,"{""type"":""MultiPoint"",""coordinates"":[]}"
374_0,11,"{""type"":""MultiPoint"",""coordinates"":[]}"
375_0,129,"{""type"":""MultiPoint"",""coordinates"":[]}"
376_0,371,"{""type"":""MultiPoint"",""coordinates"":[]}"
377_0,410,"{""type"":""MultiPoint"",""coordinates"":[]}"
378_0,207,"{""type"":""MultiPoint"",""coordinates"":[]}"
379_0,226,"{""type"":""MultiPoint"",""coordinates"":[]}"
380_0,344,"{""type"":""MultiPoint"",""coordinates"":[]}"
381_0,329,"{""type"":""MultiPoint"",""coordinates"":[]}"
382_0,748,"{""type"":""MultiPoint"",""coordinates"":[]}"
383_0,9,"{""type"":""MultiPoint"",""coordinates"":[]}"
384_0,203,"{""type"":""MultiPoint"",""coordinates"":[]}"
385_0,326,"{""type"":""MultiPoint"",""coordinates"":[]}"
386_0,411,"{""type"":""MultiPoint"",""coordinates"":[]}"
387_0,312,"{""type"":""MultiPoint"",""coordinates"":[]}"
388_0,144,"{""type"":""MultiPoint"",""coordinates"":[]}"
389_0,55,"{""type"":""MultiPoint"",""coordinates"":[]}"
390_0,200,"{""type"":""MultiPoint"",""coordinates"":[]}"
391_0,123,"{""type"":""MultiPoint"",""coordinates"":[]}"
392_0,650,"{""type"":""MultiPoint"",""coordinates"":[]}"
393_0,678,"{""type"":""MultiPoint"",""coordinates"":[]}"
394_0,36,"{""type"":""MultiPoint"",""coordinates"":[]}"
395_0,160,"{""type"":""MultiPoint"",""coordinates"":[]}"
396_0,227,"{""type"":""MultiPoint"",""coordinates"":[]}"
397_0,189,"{""type"":""MultiPoint"",""coordinates"":[]}"
398_0,661,"{""type"":""MultiPoint"",""coordinates"":[]}"
399_0,497,"{""type"":""MultiPoint"",""coordinates"":[]}"
400_0,160,"{""type"":""MultiPoint"",""coordinates"":[]}"
401_0,137,"{""type"":""MultiPoint"",""coordinates"":[]}"
402_0,38,"{""type"":""MultiPoint"",""coordinates"":[]}"
403_0,136,"{""type"":""MultiPoint"",""coordinates"":[]}"
404_0,309,"{""type"":""MultiPoint"",""coordinates"":[]}"
405_0,132,"{""type"":""MultiPoint"",""coordinates"":[]}"
406_0,158,"{""type"":""MultiPoint"",""coordinates"":[]}"
407_0,280,"{""type"":""MultiPoint"",""coordinates"":[]}"
408_0,933,"{""type"":""MultiPoint"",""coordinates"":[]}"
409_0,305,"{""type"":""MultiPoint"",""coordinates"":[]}"
410_0,659,"{""type"":""MultiPoint"",""coordinates"":[]}"
411_0,158,"{""type"":""MultiPoint"",""coordinates"":[]}"
412_0,358,"{""type"":""MultiPoint"",""coordinates"":[]}"
413_0,366,"{""type"":""MultiPoint"",""coordinates"":[]}"
414_0,1236,"{""type"":""MultiPoint"",""coordinates"":[]}"
415_0,149,"{""type"":""MultiPoint"",""coordinates"":[]}"
416_0,374,"{""type"":""MultiPoint"",""coordinates"":[]}"
417_0,466,"{""type"":""MultiPoint"",""coordinates"":[]}"
418_0,569,"{""type"":""MultiPoint"",""coordinates"":[]}"
419_0,250,"{""type"":""MultiPoint"",""coordinates"":[]}"
420_0,89,"{""type"":""MultiPoint"",""coordinates"":[]}"
421_0,250,"{""type"":""MultiPoint"",""coordinates"":[]}"
422_0,446,"{""type"":""MultiPoint"",""coordinates"":[]}"
423_0,143,"{""type"":""MultiPoint"",""coordinates"":[]}"
424_0,220,"{""type"":""MultiPoint"",""coordinates"":[]}"
425_0,362,"{""type"":""MultiPoint"",""coordinates"":[]}"
426_0,573,"{""type"":""MultiPoint"",""coordinates"":[]}"
427_0,776,"{""type"":""MultiPoint"",""coordinates"":[]}"
428_0,908,"{""type"":""MultiPoint"",""coordinates"":[]}"
429_0,747,"{""type"":""MultiPoint"",""coordinates"":[]}"
430_0,308,"{""type"":""MultiPoint"",""coordinates"":[]}"
431_0,391,"{""type"":""MultiPoint"",""coordinates"":[]}"
432_0,79,"{""type"":""MultiPoint"",""coordinates"":[]}"
433_0,843,"{""type"":""MultiPoint"",""coordinates"":[]}"
434_0,264,"{""type"":""MultiPoint"",""coordinates"":[]}"
435_0,157,"{""type"":""MultiPoint"",""coordinates"":[]}"
436_0,289,"{""type"":""MultiPoint"",""coordinates"":[]}"
437_0,317,"{""type"":""MultiPoint"",""coordinates"":[]}"
438_0,653,"{""type"":""MultiPoint"",""coordinates"":[]}"
439_0,227,"{""type"":""MultiPoint"",""coordinates"":[]}"
440_0,65,"{""type"":""MultiPoint"",""coordinates"":[]}"
441_0,150,"{""type"":""MultiPoint"",""coordinates"":[]}"
442_0,97,"{""type"":""MultiPoint"",""coordinates"":[]}"
443_0,325,"{""type"":""MultiPoint"",""coordinates"":[]}"
444_0,583,"{""type"":""MultiPoint"",""coordinates"":[]}"
445_0,654,"{""type"":""MultiPoint"",""coordinates"":[]}"
446_0,404,"{""type"":""MultiPoint"",""coordinates"":[]}"
447_0,318,"{""type"":""MultiPoint"",""coordinates"":[]}"
448_0,370,"{""type"":""MultiPoint"",""coordinates"":[]}"
449_0,122,"{""type"":""MultiPoint"",""coordinates"":[]}"
450_0,223,"{""type"":""MultiPoint"",""coordinates"":[]}"
451_0,519,"{""type"":""MultiPoint"",""coordinates"":[]}"
452_0,359,"{""type"":""MultiPoint"",""coordinates"":[]}"
453_0,534,"{""type"":""MultiPoint"",""coordinates"":[]}"
454_0,256,"{""type"":""MultiPoint"",""coordinates"":[]}"
455_0,419,"{""type"":""MultiPoint"",""coordinates"":[]}"
456_0,543,"{""type"":""MultiPoint"",""coordinates"":[]}"
457_0,43,"{""type"":""MultiPoint"",""coordinates"":[]}"
458_0,99,"{""type"":""MultiPoint"",""coordinates"":[]}"
459_0,365,"{""type"":""MultiPoint"",""coordinates"":[]}"
460_0,340,"{""type"":""MultiPoint"",""coordinates"":[]}"
461_0,631,"{""type"":""MultiPoint"",""coordinates"":[]}"
462_0,581,"{""type"":""MultiPoint"",""coordinates"":[]}"
463_0,377,"{""type"":""MultiPoint"",""coordinates"":[]}"
464_0,441,"{""type"":""MultiPoint"",""coordinates"":[]}"
465_0,144,"{""type"":""MultiPoint"",""coordinates"":[]}"
466_0,527,"{""type"":""MultiPoint"",""coordinates"":[]}"
467_0,167,"{""type"":""MultiPoint"",""coordinates"":[]}"
468_0,1,"{""type"":""MultiPoint"",""coordinates"":[]}"
469_0,58,"{""type"":""MultiPoint"",""coordinates"":[]}"
470_0,28,"{""type"":""MultiPoint"",""coordinates"":[]}"
471_0,230,"{""type"":""MultiPoint"",""coordinates"":[]}"
472_0,155,"{""type"":""MultiPoint"",""coordinates"":[]}"
473_0,662,"{""type"":""MultiPoint"",""coordinates"":[]}"
474_0,379,"{""type"":""MultiPoint"",""coordinates"":[]}"
475_0,180,"{""type"":""MultiPoint"",""coordinates"":[]}"
476_0,288,"{""type"":""MultiPoint"",""coordinates"":[]}"
477_0,197,"{""type"":""MultiPoint"",""coordinates"":[]}"
478_0,133,"{""type"":""MultiPoint"",""coordinates"":[]}"
479_0,56,"{""type"":""MultiPoint"",""coordinates"":[]}"
480_0,522,"{""type"":""MultiPoint"",""coordinates"":[]}"
481_0,17,"{""type"":""MultiPoint"",""coordinates"":[]}"
482_0,218,"{""type"":""MultiPoint"",""coordinates"":[]}"
483_0,175,"{""type"":""MultiPoint"",""coordinates"":[]}"
484_0,164,"{""type"":""MultiPoint"",""coordinates"":[]}"
485_0,299,"{""type"":""MultiPoint"",""coordinates"":[]}"
486_0,156,"{""type"":""MultiPoint"",""coordinates"":[]}"
487_0,249,"{""type"":""MultiPoint"",""coordinates"":[]}"
488_0,118,"{""type"":""MultiPoint"",""coordinates"":[]}"
489_0,150,"{""type"":""MultiPoint"",""coordinates"":[]}"
490_0,106,"{""type"":""MultiPoint"",""coordinates"":[]}"
491_0,139,"{""type"":""MultiPoint"",""coordinates"":[]}"
492_0,637,"{""type"":""MultiPoint"",""coordinates"":[]}"
493_0,53,"{""type"":""MultiPoint"",""coordinates"":[]}"
494_0,48,"{""type"":""MultiPoint"",""coordinates"":[]}"
495_0,192,"{""type"":""MultiPoint"",""coordinates"":[]}"
496_0,338,"{""type"":""MultiPoint"",""coordinates"":[]}"
497_0,49,"{""type"":""MultiPoint"",""coordinates"":[]}"
498_0,341,"{""type"":""MultiPoint"",""coordinates"":[]}"
499_0,423,"{""type"":""MultiPoint"",""coordinates"":[]}"
500_0,54,"{""type"":""MultiPoint"",""coordinates"":[]}"
501_0,12,"{""type"":""MultiPoint"",""coordinates"":[]}"
502_0,147,"{""type"":""MultiPoint"",""coordinates"":[]}"
503_0,1129,"{""type"":""MultiPoint"",""coordinates"":[]}"
504_0,454,"{""type"":""MultiPoint"",""coordinates"":[]}"
505_0,200,"{""type"":""MultiPoint"",""coordinates"":[]}"
506_0,901,"{""type"":""MultiPoint"",""coordinates"":[]}"
507_0,519,"{""type"":""MultiPoint"",""coordinates"":[]}"
508_0,125,"{""type"":""MultiPoint"",""coordinates"":[]}"
509_0,268,"{""type"":""MultiPoint"",""coordinates"":[]}"
510_0,239,"{""type"":""MultiPoint"",""coordinates"":[]}"
511_0,50,"{""type"":""MultiPoint"",""coordinates"":[]}"
512_0,260,"{""type"":""MultiPoint"",""coordinates"":[]}"
513_0,272,"{""type"":""MultiPoint"",""coordinates"":[]}"
514_0,4,"{""type"":""MultiPoint"",""coordinates"":[]}"
515_0,125,"{""type"":""MultiPoint"",""coordinates"":[]}"
516_0,146,"{""type"":""MultiPoint"",""coordinates"":[]}"
517_0,381,"{""type"":""MultiPoint"",""coordinates"":[]}"
518_0,211,"{""type"":""MultiPoint"",""coordinates"":[]}"
519_0,233,"{""type"":""MultiPoint"",""coordinates"":[]}"
520_0,644,"{""type"":""MultiPoint"",""coordinates"":[]}"
521_0,196,"{""type"":""MultiPoint"",""coordinates"":[]}"
522_0,301,"{""type"":""MultiPoint"",""coordinates"":[]}"
523_0,200,"{""type"":""MultiPoint"",""coordinates"":[]}"
524_0,129,"{""type"":""MultiPoint"",""coordinates"":[]}"
525_0,136,"{""type"":""MultiPoint"",""coordinates"":[]}"
526_0,764,"{""type"":""MultiPoint"",""coordinates"":[]}"
527_0,488,"{""type"":""MultiPoint"",""coordinates"":[]}"
528_0,255,"{""type"":""MultiPoint"",""coordinates"":[]}"
529_0,247,"{""type"":""MultiPoint"",""coordinates"":[]}"
530_0,118,"{""type"":""MultiPoint"",""coordinates"":[]}"
531_0,367,"{""type"":""MultiPoint"",""coordinates"":[]}"
532_0,55,"{""type"":""MultiPoint"",""coordinates"":[]}"
533_0,369,"{""type"":""MultiPoint"",""coordinates"":[]}"
534_0,118,"{""type"":""MultiPoint"",""coordinates"":[]}"
535_0,317,"{""type"":""MultiPoint"",""coordinates"":[]}"
536_0,317,"{""type"":""MultiPoint"",""coordinates"":[]}"
537_0,299,"{""type"":""MultiPoint"",""coordinates"":[]}"
538_0,298,"{""type"":""MultiPoint"",""coordinates"":[]}"
539_0,318,"{""type"":""MultiPoint"",""coordinates"":[]}"
540_0,351,"{""type"":""MultiPoint"",""coordinates"":[]}"
541_0,513,"{""type"":""MultiPoint"",""coordinates"":[]}"
542_0,14,"{""type"":""MultiPoint"",""coordinates"":[]}"
543_0,78,"{""type"":""MultiPoint"",""coordinates"":[]}"
544_0,315,"{""type"":""MultiPoint"",""coordinates"":[]}"
545_0,684,"{""type"":""MultiPoint"",""coordinates"":[]}"
546_0,49,"{""type"":""MultiPoint"",""coordinates"":[]}"
547_0,235,"{""type"":""MultiPoint"",""coordinates"":[]}"
548_0,182,"{""type"":""MultiPoint"",""coordinates"":[]}"
549_0,447,"{""type"":""MultiPoint"",""coordinates"":[]}"
550_0,56,"{""type"":""MultiPoint"",""coordinates"":[]}"
551_0,175,"{""type"":""MultiPoint"",""coordinates"":[]}"
552_0,377,"{""type"":""MultiPoint"",""coordinates"":[]}"
553_0,129,"{""type"":""MultiPoint"",""coordinates"":[]}"
554_0,796,"{""type"":""MultiPoint"",""coordinates"":[]}"
555_0,505,"{""type"":""MultiPoint"",""coordinates"":[]}"
556_0,225,"{""type"":""MultiPoint"",""coordinates"":[]}"
557_0,508,"{""type"":""MultiPoint"",""coordinates"":[]}"
558_0,179,"{""type"":""MultiPoint"",""coordinates"":[]}"
559_0,625,"{""type"":""MultiPoint"",""coordinates"":[]}"
560_0,572,"{""type"":""MultiPoint"",""coordinates"":[]}"
561_0,136,"{""type"":""MultiPoint"",""coordinates"":[]}"
562_0,548,"{""type"":""MultiPoint"",""coordinates"":[]}"
563_0,194,"{""type"":""MultiPoint"",""coordinates"":[]}"
564_0,7,"{""type"":""MultiPoint"",""coordinates"":[]}"
565_0,131,"{""type"":""MultiPoint"",""coordinates"":[]}"
566_0,693,"{""type"":""MultiPoint"",""coordinates"":[]}"
567_0,595,"{""type"":""MultiPoint"",""coordinates"":[]}"
568_0,294,"{""type"":""MultiPoint"",""coordinates"":[]}"
569_0,224,"{""type"":""MultiPoint"",""coordinates"":[]}"
570_0,1004,"{""type"":""MultiPoint"",""coordinates"":[]}"
571_0,1051,"{""type"":""MultiPoint"",""coordinates"":[]}"
572_0,535,"{""type"":""MultiPoint"",""coordinates"":[]}"
573_0,616,"{""type"":""MultiPoint"",""coordinates"":[]}"
574_0,892,"{""type"":""MultiPoint"",""coordinates"":[]}"
575_0,590,"{""type"":""MultiPoint"",""coordinates"":[]}"
576_0,895,"{""type"":""MultiPoint"",""coordinates"":[]}"
577_0,176,"{""type"":""MultiPoint"",""coordinates"":[]}"
578_0,157,"{""type"":""MultiPoint"",""coordinates"":[]}"
579_0,146,"{""type"":""MultiPoint"",""coordinates"":[]}"
580_0,666,"{""type"":""MultiPoint"",""coordinates"":[]}"
581_0,49,"{""type"":""MultiPoint"",""coordinates"":[]}"
582_0,244,"{""type"":""MultiPoint"",""coordinates"":[]}"
583_0,420,"{""type"":""MultiPoint"",""coordinates"":[]}"
584_0,457,"{""type"":""MultiPoint"",""coordinates"":[]}"
585_0,166,"{""type"":""MultiPoint"",""coordinates"":[]}"
586_0,580,"{""type"":""MultiPoint"",""coordinates"":[]}"
587_0,32,"{""type"":""MultiPoint"",""coordinates"":[]}"
588_0,185,"{""type"":""MultiPoint"",""coordinates"":[]}"
589_0,213,"{""type"":""MultiPoint"",""coordinates"":[]}"
590_0,579,"{""type"":""MultiPoint"",""coordinates"":[]}"
591_0,576,"{""type"":""MultiPoint"",""coordinates"":[]}"
592_0,636,"{""type"":""MultiPoint"",""coordinates"":[]}"
593_0,271,"{""type"":""MultiPoint"",""coordinates"":[]}"
594_0,138,"{""type"":""MultiPoint"",""coordinates"":[]}"
595_0,445,"{""type"":""MultiPoint"",""coordinates"":[]}"
596_0,261,"{""type"":""MultiPoint"",""coordinates"":[]}"
597_0,260,"{""type"":""MultiPoint"",""coordinates"":[]}"
598_0,202,"{""type"":""MultiPoint"",""coordinates"":[]}"
599_0,208,"{""type"":""MultiPoint"",""coordinates"":[]}"
600_0,117,"{""type"":""MultiPoint"",""coordinates"":[]}"
601_0,74,"{""type"":""MultiPoint"",""coordinates"":[]}"
602_0,1029,"{""type"":""MultiPoint"",""coordinates"":[]}"
603_0,477,"{""type"":""MultiPoint"",""coordinates"":[]}"
604_0,75,"{""type"":""MultiPoint"",""coordinates"":[]}"
605_0,168,"{""type"":""MultiPoint"",""coordinates"":[]}"
606_0,192,"{""type"":""MultiPoint"",""coordinates"":[]}"
607_0,320,"{""type"":""MultiPoint"",""coordinates"":[]}"
608_0,209,"{""type"":""MultiPoint"",""coordinates"":[]}"
609_0,543,"{""type"":""MultiPoint"",""coordinates"":[]}"
610_0,141,"{""type"":""MultiPoint"",""coordinates"":[]}"
611_0,336,"{""type"":""MultiPoint"",""coordinates"":[]}"
612_0,470,"{""type"":""MultiPoint"",""coordinates"":[]}"
613_0,674,"{""type"":""MultiPoint"",""coordinates"":[]}"
614_0,267,"{""type"":""MultiPoint"",""coordinates"":[]}"
615_0,105,"{""type"":""MultiPoint"",""coordinates"":[]}"
616_0,158,"{""type"":""MultiPoint"",""coordinates"":[]}"
617_0,139,"{""type"":""MultiPoint"",""coordinates"":[]}"
618_0,111,"{""type"":""MultiPoint"",""coordinates"":[]}"
619_0,461,"{""type"":""MultiPoint"",""coordinates"":[]}"
620_0,556,"{""type"":""MultiPoint"",""coordinates"":[]}"
621_0,131,"{""type"":""MultiPoint"",""coordinates"":[]}"
622_0,356,"{""type"":""MultiPoint"",""coordinates"":[]}"
623_0,115,"{""type"":""MultiPoint"",""coordinates"":[]}"
624_0,183,"{""type"":""MultiPoint"",""coordinates"":[]}"
625_0,29,"{""type"":""MultiPoint"",""coordinates"":[]}"
626_0,447,"{""type"":""MultiPoint"",""coordinates"":[]}"
627_0,178,"{""type"":""MultiPoint"",""coordinates"":[]}"
628_0,150,"{""type"":""MultiPoint"",""coordinates"":[]}"
629_0,319,"{""type"":""MultiPoint"",""coordinates"":[]}"
630_0,545,"{""type"":""MultiPoint"",""coordinates"":[]}"
631_0,349,"{""type"":""MultiPoint"",""coordinates"":[]}"
632_0,316,"{""type"":""MultiPoint"",""coordinates"":[]}"
633_0,569,"{""type"":""MultiPoint"",""coordinates"":[]}"
634_0,4,"{""type"":""MultiPoint"",""coordinates"":[]}"
635_0,550,"{""type"":""MultiPoint"",""coordinates"":[]}"
636_0,137,"{""type"":""MultiPoint"",""coordinates"":[]}"
637_0,242,"{""type"":""MultiPoint"",""coordinates"":[]}"
638_0,838,"{""type"":""MultiPoint"",""coordinates"":[]}"
639_0,142,"{""type"":""MultiPoint"",""coordinates"":[]}"
640_0,502,"{""type"":""MultiPoint"",""coordinates"":[]}"
641_0,450,"{""type"":""MultiPoint"",""coordinates"":[]}"
642_0,467,"{""type"":""MultiPoint"",""coordinates"":[]}"
643_0,128,"{""type"":""MultiPoint"",""coordinates"":[]}"
644_0,475,"{""type"":""MultiPoint"",""coordinates"":[]}"
645_0,171,"{""type"":""MultiPoint"",""coordinates"":[]}"
646_0,183,"{""type"":""MultiPoint"",""coordinates"":[]}"
647_0,61,"{""type"":""MultiPoint"",""coordinates"":[]}"
648_0,131,"{""type"":""MultiPoint"",""coordinates"":[]}"
649_0,55,"{""type"":""MultiPoint"",""coordinates"":[]}"
650_0,178,"{""type"":""MultiPoint"",""coordinates"":[]}"
651_0,359,"{""type"":""MultiPoint"",""coordinates"":[]}"
652_0,762,"{""type"":""MultiPoint"",""coordinates"":[]}"
653_0,612,"{""type"":""MultiPoint"",""coordinates"":[]}"
654_0,222,"{""type"":""MultiPoint"",""coordinates"":[]}"
655_0,188,"{""type"":""MultiPoint"",""coordinates"":[]}"
656_0,723,"{""type"":""MultiPoint"",""coordinates"":[]}"
657_0,414,"{""type"":""MultiPoint"",""coordinates"":[]}"
658_0,508,"{""type"":""MultiPoint"",""coordinates"":[]}"
659_0,133,"{""type"":""MultiPoint"",""coordinates"":[]}"
660_0,571,"{""type"":""MultiPoint"",""coordinates"":[]}"
661_0,155,"{""type"":""MultiPoint"",""coordinates"":[]}"
662_0,149,"{""type"":""MultiPoint"",""coordinates"":[]}"
663_0,114,"{""type"":""MultiPoint"",""coordinates"":[]}"
664_0,14,"{""type"":""MultiPoint"",""coordinates"":[]}"
665_0,564,"{""type"":""MultiPoint"",""coordinates"":[]}"
666_0,560,"{""type"":""MultiPoint"",""coordinates"":[]}"
667_0,466,"{""type"":""MultiPoint"",""coordinates"":[]}"
668_0,645,"{""type"":""MultiPoint"",""coordinates"":[]}"
669_0,754,"{""type"":""MultiPoint"",""coordinates"":[]}"
670_0,641,"{""type"":""MultiPoint"",""coordinates"":[]}"
671_0,553,"{""type"":""MultiPoint"",""coordinates"":[]}"
672_0,150,"{""type"":""MultiPoint"",""coordinates"":[]}"
673_0,169,"{""type"":""MultiPoint"",""coordinates"":[]}"
674_0,377,"{""type"":""MultiPoint"",""coordinates"":[]}"
675_0,693,"{""type"":""MultiPoint"",""coordinates"":[]}"
676_0,129,"{""type"":""MultiPoint"",""coordinates"":[]}"
677_0,310,"{""type"":""MultiPoint"",""coordinates"":[]}"
678_0,42,"{""type"":""MultiPoint"",""coordinates"":[]}"
679_0,221,"{""type"":""MultiPoint"",""coordinates"":[]}"
680_0,48,"{""type"":""MultiPoint"",""coordinates"":[]}"
681_0,55,"{""type"":""MultiPoint"",""coordinates"":[]}"
682_0,877,"{""type"":""MultiPoint"",""coordinates"":[]}"
683_0,151,"{""type"":""MultiPoint"",""coordinates"":[]}"
684_0,704,"{""type"":""MultiPoint"",""coordinates"":[]}"
685_0,296,"{""type"":""MultiPoint"",""coordinates"":[]}"
686_0,404,"{""type"":""MultiPoint"",""coordinates"":[]}"
687_0,198,"{""type"":""MultiPoint"",""coordinates"":[]}"
688_0,135,"{""type"":""MultiPoint"",""coordinates"":[]}"
689_0,745,"{""type"":""MultiPoint"",""coordinates"":[]}"
690_0,399,"{""type"":""MultiPoint"",""coordinates"":[]}"
691_0,138,"{""type"":""MultiPoint"",""coordinates"":[]}"
692_0,332,"{""type"":""MultiPoint"",""coordinates"":[]}"
693_0,1181,"{""type"":""MultiPoint"",""coordinates"":[]}"
694_0,136,"{""type"":""MultiPoint"",""coordinates"":[]}"
695_0,160,"{""type"":""MultiPoint"",""coordinates"":[]}"
696_0,307,"{""type"":""MultiPoint"",""coordinates"":[]}"
697_0,227,"{""type"":""MultiPoint"",""coordinates"":[]}"
698_0,869,"{""type"":""MultiPoint"",""coordinates"":[]}"
699_0,128,"{""type"":""MultiPoint"",""coordinates"":[]}"
700_0,78,"{""type"":""MultiPoint"",""coordinates"":[]}"
701_0,225,"{""type"":""MultiPoint"",""coordinates"":[]}"
702_0,58,"{""type"":""MultiPoint"",""coordinates"":[]}"
703_0,37,"{""type"":""MultiPoint"",""coordinates"":[]}"
704_0,171,"{""type"":""MultiPoint"",""coordinates"":[]}"
705_0,247,"{""type"":""MultiPoint"",""coordinates"":[]}"
706_0,561,"{""type"":""MultiPoint"",""coordinates"":[]}"
707_0,118,"{""type"":""MultiPoint"",""coordinates"":[]}"
708_0,26,"{""type"":""MultiPoint"",""coordinates"":[]}"
709_0,158,"{""type"":""MultiPoint"",""coordinates"":[]}"
710_0,163,"{""type"":""MultiPoint"",""coordinates"":[]}"
711_0,417,"{""type"":""MultiPoint"",""coordinates"":[]}"
712_0,641,"{""type"":""MultiPoint"",""coordinates"":[]}"
713_0,378,"{""type"":""MultiPoint"",""coordinates"":[]}"
714_0,156,"{""type"":""MultiPoint"",""coordinates"":[]}"
715_0,739,"{""type"":""MultiPoint"",""coordinates"":[]}"
716_0,995,"{""type"":""MultiPoint"",""coordinates"":[]}"
717_0,533,"{""type"":""MultiPoint"",""coordinates"":[]}"
718_0,269,"{""type"":""MultiPoint"",""coordinates"":[]}"
719_0,1132,"{""type"":""MultiPoint"",""coordinates"":[]}"
720_0,150,"{""type"":""MultiPoint"",""coordinates"":[]}"
721_0,145,"{""type"":""MultiPoint"",""coordinates"":[]}"
722_0,608,"{""type"":""MultiPoint"",""coordinates"":[]}"
723_0,300,"{""type"":""MultiPoint"",""coordinates"":[]}"
724_0,202,"{""type"":""MultiPoint"",""coordinates"":[]}"
725_0,214,"{""type"":""MultiPoint"",""coordinates"":[]}"
726_0,330,"{""type"":""MultiPoint"",""coordinates"":[]}"
727_0,94,"{""type"":""MultiPoint"",""coordinates"":[]}"
728_0,68,"{""type"":""MultiPoint"",""coordinates"":[]}"
729_0,342,"{""type"":""MultiPoint"",""coordinates"":[]}"
730_0,195,"{""type"":""MultiPoint"",""coordinates"":[]}"
731_0,438,"{""type"":""MultiPoint"",""coordinates"":[]}"
732_0,394,"{""type"":""MultiPoint"",""coordinates"":[]}"
733_0,285,"{""type"":""MultiPoint"",""coordinates"":[]}"
734_0,558,"{""type"":""MultiPoint"",""coordinates"":[]}"
735_0,210,"{""type"":""MultiPoint"",""coordinates"":[]}"
736_0,840,"{""type"":""MultiPoint"",""coordinates"":[]}"
737_0,608,"{""type"":""MultiPoint"",""coordinates"":[]}"
738_0,277,"{""type"":""MultiPoint"",""coordinates"":[]}"
739_0,323,"{""type"":""MultiPoint"",""coordinates"":[]}"
740_0,577,"{""type"":""MultiPoint"",""coordinates"":[]}"
741_0,178,"{""type"":""MultiPoint"",""coordinates"":[]}"
742_0,57,"{""type"":""MultiPoint"",""coordinates"":[]}"
743_0,245,"{""type"":""MultiPoint"",""coordinates"":[]}"
744_0,19,"{""type"":""MultiPoint"",""coordinates"":[]}"
745_0,411,"{""type"":""MultiPoint"",""coordinates"":[]}"
746_0,176,"{""type"":""MultiPoint"",""coordinates"":[]}"
747_0,293,"{""type"":""MultiPoint"",""coordinates"":[]}"
748_0,716,"{""type"":""MultiPoint"",""coordinates"":[]}"
749_0,154,"{""type"":""MultiPoint"",""coordinates"":[]}"
750_0,184,"{""type"":""MultiPoint"",""coordinates"":[]}"
751_0,693,"{""type"":""MultiPoint"",""coordinates"":[]}"
752_0,805,"{""type"":""MultiPoint"",""coordinates"":[]}"
753_0,321,"{""type"":""MultiPoint"",""coordinates"":[]}"
754_0,144,"{""type"":""MultiPoint"",""coordinates"":[]}"
755_0,278,"{""type"":""MultiPoint"",""coordinates"":[]}"
756_0,497,"{""type"":""MultiPoint"",""coordinates"":[]}"
757_0,104,"{""type"":""MultiPoint"",""coordinates"":[]}"
758_0,595,"{""type"":""MultiPoint"",""coordinates"":[]}"
759_0,285,"{""type"":""MultiPoint"",""coordinates"":[]}"
760_0,300,"{""type"":""MultiPoint"",""coordinates"":[]}"
761_0,830,"{""type"":""MultiPoint"",""coordinates"":[]}"
762_0,7,"{""type"":""MultiPoint"",""coordinates"":[]}"
763_0,160,"{""type"":""MultiPoint"",""coordinates"":[]}"
764_0,123,"{""type"":""MultiPoint"",""coordinates"":[]}"
765_0,213,"{""type"":""MultiPoint"",""coordinates"":[]}"
766_0,394,"{""type"":""MultiPoint"",""coordinates"":[]}"
767_0,379,"{""type"":""MultiPoint"",""coordinates"":[]}"
768_0,66,"{""type"":""MultiPoint"",""coordinates"":[]}"
769_0,497,"{""type"":""MultiPoint"",""coordinates"":[]}"
770_0,531,"{""type"":""MultiPoint"",""coordinates"":[]}"
771_0,156,"{""type"":""MultiPoint"",""coordinates"":[]}"
772_0,45,"{""type"":""MultiPoint"",""coordinates"":[]}"
773_0,58,"{""type"":""MultiPoint"",""coordinates"":[]}"
774_0,55,"{""type"":""MultiPoint"",""coordinates"":[]}"
775_0,306,"{""type"":""MultiPoint"",""coordinates"":[]}"
776_0,290,"{""type"":""MultiPoint"",""coordinates"":[]}"
777_0,127,"{""type"":""MultiPoint"",""coordinates"":[]}"
778_0,179,"{""type"":""MultiPoint"",""coordinates"":[]}"
779_0,146,"{""type"":""MultiPoint"",""coordinates"":[]}"
780_0,207,"{""type"":""MultiPoint"",""coordinates"":[]}"
781_0,149,"{""type"":""MultiPoint"",""coordinates"":[]}"
782_0,142,"{""type"":""MultiPoint"",""coordinates"":[]}"
783_0,388,"{""type"":""MultiPoint"",""coordinates"":[]}"
784_0,58,"{""type"":""MultiPoint"",""coordinates"":[]}"
785_0,193,"{""type"":""MultiPoint"",""coordinates"":[]}"
786_0,57,"{""type"":""MultiPoint"",""coordinates"":[]}"
787_0,212,"{""type"":""MultiPoint"",""coordinates"":[]}"
788_0,173,"{""type"":""MultiPoint"",""coordinates"":[]}"
789_0,87,"{""type"":""MultiPoint"",""coordinates"":[]}"
790_0,133,"{""type"":""MultiPoint"",""coordinates"":[]}"
791_0,136,"{""type"":""MultiPoint"",""coordinates"":[]}"
792_0,397,"{""type"":""MultiPoint"",""coordinates"":[]}"
793_0,551,"{""type"":""MultiPoint"",""coordinates"":[]}"
794_0,917,"{""type"":""MultiPoint"",""coordinates"":[]}"
795_0,630,"{""type"":""MultiPoint"",""coordinates"":[]}"
796_0,152,"{""type"":""MultiPoint"",""coordinates"":[]}"
797_0,399,"{""type"":""MultiPoint"",""coordinates"":[]}"
798_0,55,"{""type"":""MultiPoint"",""coordinates"":[]}"
799_0,99,"{""type"":""MultiPoint"",""coordinates"":[]}"
800_0,621,"{""type"":""MultiPoint"",""coordinates"":[]}"
801_0,755,"{""type"":""MultiPoint"",""coordinates"":[]}"
802_0,5,"{""type"":""MultiPoint"",""coordinates"":[]}"
803_0,1015,"{""type"":""MultiPoint"",""coordinates"":[]}"
804_0,272,"{""type"":""MultiPoint"",""coordinates"":[]}"
805_0,916,"{""type"":""MultiPoint"",""coordinates"":[]}"
806_0,240,"{""type"":""MultiPoint"",""coordinates"":[]}"
807_0,407,"{""type"":""MultiPoint"",""coordinates"":[]}"
808_0,100,"{""type"":""MultiPoint"",""coordinates"":[]}"
809_0,315,"{""type"":""MultiPoint"",""coordinates"":[]}"
810_0,105,"{""type"":""MultiPoint"",""coordinates"":[]}"
811_0,314,"{""type"":""MultiPoint"",""coordinates"":[]}"
812_0,190,"{""type"":""MultiPoint"",""coordinates"":[]}"
813_0,122,"{""type"":""MultiPoint"",""coordinates"":[]}"
814_0,252,"{""type"":""MultiPoint"",""coordinates"":[]}"
815_0,68,"{""type"":""MultiPoint"",""coordinates"":[]}"
816_0,67,"{""type"":""MultiPoint"",""coordinates"":[]}"
817_0,59,"{""type"":""MultiPoint"",""coordinates"":[]}"
818_0,125,"{""type"":""MultiPoint"",""coordinates"":[]}"
819_0,240,"{""type"":""MultiPoint"",""coordinates"":[]}"
820_0,173,"{""type"":""MultiPoint"",""coordinates"":[]}"
821_0,318,"{""type"":""MultiPoint"",""coordinates"":[]}"
822_0,170,"{""type"":""MultiPoint"",""coordinates"":[]}"
823_0,133,"{""type"":""MultiPoint"",""coordinates"":[]}"
824_0,374,"{""type"":""MultiPoint"",""coordinates"":[]}"
825_0,629,"{""type"":""MultiPoint"",""coordinates"":[]}"
826_0,141,"{""type"":""MultiPoint"",""coordinates"":[]}"
827_0,419,"{""type"":""MultiPoint"",""coordinates"":[]}"
828_0,104,"{""type"":""MultiPoint"",""coordinates"":[]}"
829_0,128,"{""type"":""MultiPoint"",""coordinates"":[]}"
830_0,764,"{""type"":""MultiPoint"",""coordinates"":[]}"
831_0,461,"{""type"":""MultiPoint"",""coordinates"":[]}"
832_0,346,"{""type"":""MultiPoint"",""coordinates"":[]}"
