system:index,vap,.geo
0_0,1513.6666666666667,"{""type"":""MultiPoint"",""coordinates"":[]}"
1_0,1832.6666666666667,"{""type"":""MultiPoint"",""coordinates"":[]}"
2_0,1802.3333333333333,"{""type"":""MultiPoint"",""coordinates"":[]}"
3_0,1625.0,"{""type"":""MultiPoint"",""coordinates"":[]}"
4_0,1119.6666666666667,"{""type"":""MultiPoint"",""coordinates"":[]}"
5_0,1483.3333333333333,"{""type"":""MultiPoint"",""coordinates"":[]}"
6_0,1471.3333333333333,"{""type"":""MultiPoint"",""coordinates"":[]}"
7_0,1517.0,"{""type"":""MultiPoint"",""coordinates"":[]}"
8_0,1688.0,"{""type"":""MultiPoint"",""coordinates"":[]}"
9_0,1373.3333333333333,"{""type"":""MultiPoint"",""coordinates"":[]}"
10_0,1584.3333333333333,"{""type"":""MultiPoint"",""coordinates"":[]}"
11_0,1553.3333333333333,"{""type"":""MultiPoint"",""coordinates"":[]}"
12_0,1582.6666666666667,"{""type"":""MultiPoint"",""coordinates"":[]}"
13_0,1415.3333333333333,"{""type"":""MultiPoint"",""coordinates"":[]}"
14_0,1815.3333333333333,"{""type"":""MultiPoint"",""coordinates"":[]}"
15_0,1654.3333333333333,"{""type"":""MultiPoint"",""coordinates"":[]}"
16_0,1229.6666666666667,"{""type"":""MultiPoint"",""coordinates"":[]}"
17_0,1600.3333333333333,"{""type"":""MultiPoint"",""coordinates"":[]}"
18_0,1434.6666666666667,"{""type"":""MultiPoint"",""coordinates"":[]}"
19_0,2107.3333333333335,"{""type"":""MultiPoint"",""coordinates"":[]}"
20_0,1614.0,"{""type"":""MultiPoint"",""coordinates"":[]}"
21_0,1455.3333333333333,"{""type"":""MultiPoint"",""coordinates"":[]}"
22_0,1620.3333333333333,"{""type"":""MultiPoint"",""coordinates"":[]}"
23_0,1617.6666666666667,"{""type"":""MultiPoint"",""coordinates"":[]}"
24_0,1196.0,"{""type"":""MultiPoint"",""coordinates"":[]}"
25_0,1268.0,"{""type"":""MultiPoint"",""coordinates"":[]}"
26_0,1386.6666666666667,"{""type"":""MultiPoint"",""coordinates"":[]}"
27_0,1979.0,"{""type"":""MultiPoint"",""coordinates"":[]}"
28_0,1424.0,"{""type"":""MultiPoint"",""coordinates"":[]}"
29_0,1528.6666666666667,"{""type"":""MultiPoint"",""coordinates"":[]}"
30_0,1668.0,"{""type"":""MultiPoint"",""coordinates"":[]}"
31_0,1582.6666666666667,"{""type"":""MultiPoint"",""coordinates"":[]}"
32_0,1546.6666666666667,"{""type"":""MultiPoint"",""coordinates"":[]}"
33_0,1639.6666666666667,"{""type"":""MultiPoint"",""coordinates"":[]}"
34_0,1582.3333333333333,"{""type"":""MultiPoint"",""coordinates"":[]}"
35_0,1503.6666666666667,"{""type"":""MultiPoint"",""coordinates"":[]}"
36_0,1843.6666666666667,"{""type"":""MultiPoint"",""coordinates"":[]}"
37_0,1562.3333333333333,"{""type"":""MultiPoint"",""coordinates"":[]}"
38_0,1894.6666666666667,"{""type"":""MultiPoint"",""coordinates"":[]}"
39_0,1255.3333333333333,"{""type"":""MultiPoint"",""coordinates"":[]}"
40_0,1532.3333333333333,"{""type"":""MultiPoint"",""coordinates"":[]}"
41_0,1402.3333333333333,"{""type"":""MultiPoint"",""coordinates"":[]}"
42_0,1557.3333333333333,"{""type"":""MultiPoint"",""coordinates"":[]}"
43_0,2082.0,"{""type"":""MultiPoint"",""coordinates"":[]}"
44_0,1681.3333333333333,"{""type"":""MultiPoint"",""coordinates"":[]}"
45_0,1835.0,"{""type"":""MultiPoint"",""coordinates"":[]}"
46_0,1668.0,"{""type"":""MultiPoint"",""coordinates"":[]}"
47_0,1605.3333333333333,"{""type"":""MultiPoint"",""coordinates"":[]}"
48_0,1610.6666666666667,"{""type"":""MultiPoint"",""coordinates"":[]}"
49_0,2080.6666666666665,"{""type"":""MultiPoint"",""coordinates"":[]}"
50_0,1624.3333333333333,"{""type"":""MultiPoint"",""coordinates"":[]}"
51_0,1927.3333333333333,"{""type"":""MultiPoint"",""coordinates"":[]}"
52_0,1219.0,"{""type"":""MultiPoint"",""coordinates"":[]}"
53_0,1136.0,"{""type"":""MultiPoint"",""coordinates"":[]}"
54_0,1585.0,"{""type"":""MultiPoint"",""coordinates"":[]}"
55_0,1531.3333333333333,"{""type"":""MultiPoint"",""coordinates"":[]}"
56_0,1364.6666666666667,"{""type"":""MultiPoint"",""coordinates"":[]}"
57_0,1832.0,"{""type"":""MultiPoint"",""coordinates"":[]}"
58_0,1418.6666666666667,"{""type"":""MultiPoint"",""coordinates"":[]}"
59_0,1606.0,"{""type"":""MultiPoint"",""coordinates"":[]}"
60_0,1774.0,"{""type"":""MultiPoint"",""coordinates"":[]}"
61_0,1529.6666666666667,"{""type"":""MultiPoint"",""coordinates"":[]}"
62_0,1308.0,"{""type"":""MultiPoint"",""coordinates"":[]}"
63_0,1096.3333333333333,"{""type"":""MultiPoint"",""coordinates"":[]}"
64_0,1527.3333333333333,"{""type"":""MultiPoint"",""coordinates"":[]}"
65_0,1536.6666666666667,"{""type"":""MultiPoint"",""coordinates"":[]}"
66_0,1476.3333333333333,"{""type"":""MultiPoint"",""coordinates"":[]}"
67_0,1714.3333333333333,"{""type"":""MultiPoint"",""coordinates"":[]}"
68_0,1206.6666666666667,"{""type"":""MultiPoint"",""coordinates"":[]}"
69_0,1420.0,"{""type"":""MultiPoint"",""coordinates"":[]}"
70_0,1176.3333333333333,"{""type"":""MultiPoint"",""coordinates"":[]}"
71_0,1238.3333333333333,"{""type"":""MultiPoint"",""coordinates"":[]}"
72_0,1331.3333333333333,"{""type"":""MultiPoint"",""coordinates"":[]}"
73_0,1622.6666666666667,"{""type"":""MultiPoint"",""coordinates"":[]}"
74_0,1670.0,"{""type"":""MultiPoint"",""coordinates"":[]}"
75_0,1459.3333333333333,"{""type"":""MultiPoint"",""coordinates"":[]}"
76_0,1562.6666666666667,"{""type"":""MultiPoint"",""coordinates"":[]}"
77_0,1452.0,"{""type"":""MultiPoint"",""coordinates"":[]}"
78_0,1804.3333333333333,"{""type"":""MultiPoint"",""coordinates"":[]}"
79_0,1614.6666666666667,"{""type"":""MultiPoint"",""coordinates"":[]}"
80_0,1761.0,"{""type"":""MultiPoint"",""coordinates"":[]}"
81_0,1653.6666666666667,"{""type"":""MultiPoint"",""coordinates"":[]}"
82_0,1703.3333333333333,"{""type"":""MultiPoint"",""coordinates"":[]}"
83_0,1702.6666666666667,"{""type"":""MultiPoint"",""coordinates"":[]}"
84_0,1777.0,"{""type"":""MultiPoint"",""coordinates"":[]}"
85_0,1359.0,"{""type"":""MultiPoint"",""coordinates"":[]}"
86_0,1668.0,"{""type"":""MultiPoint"",""coordinates"":[]}"
87_0,1361.6666666666667,"{""type"":""MultiPoint"",""coordinates"":[]}"
88_0,1204.6666666666667,"{""type"":""MultiPoint"",""coordinates"":[]}"
89_0,1309.0,"{""type"":""MultiPoint"",""coordinates"":[]}"
90_0,1539.3333333333333,"{""type"":""MultiPoint"",""coordinates"":[]}"
91_0,1590.3333333333333,"{""type"":""MultiPoint"",""coordinates"":[]}"
92_0,1563.6666666666667,"{""type"":""MultiPoint"",""coordinates"":[]}"
93_0,1819.3333333333333,"{""type"":""MultiPoint"",""coordinates"":[]}"
94_0,1607.0,"{""type"":""MultiPoint"",""coordinates"":[]}"
95_0,1450.3333333333333,"{""type"":""MultiPoint"",""coordinates"":[]}"
96_0,1673.0,"{""type"":""MultiPoint"",""coordinates"":[]}"
97_0,1620.6666666666667,"{""type"":""MultiPoint"",""coordinates"":[]}"
98_0,1481.0,"{""type"":""MultiPoint"",""coordinates"":[]}"
99_0,1526.3333333333333,"{""type"":""MultiPoint"",""coordinates"":[]}"
100_0,2053.6666666666665,"{""type"":""MultiPoint"",""coordinates"":[]}"
101_0,1493.3333333333333,"{""type"":""MultiPoint"",""coordinates"":[]}"
102_0,1842.0,"{""type"":""MultiPoint"",""coordinates"":[]}"
103_0,1380.3333333333333,"{""type"":""MultiPoint"",""coordinates"":[]}"
104_0,1611.3333333333333,"{""type"":""MultiPoint"",""coordinates"":[]}"
105_0,1318.6666666666667,"{""type"":""MultiPoint"",""coordinates"":[]}"
106_0,1658.3333333333333,"{""type"":""MultiPoint"",""coordinates"":[]}"
107_0,1689.3333333333333,"{""type"":""MultiPoint"",""coordinates"":[]}"
108_0,1298.6666666666667,"{""type"":""MultiPoint"",""coordinates"":[]}"
109_0,1213.3333333333333,"{""type"":""MultiPoint"",""coordinates"":[]}"
110_0,1523.6666666666667,"{""type"":""MultiPoint"",""coordinates"":[]}"
111_0,1197.6666666666667,"{""type"":""MultiPoint"",""coordinates"":[]}"
112_0,2071.0,"{""type"":""MultiPoint"",""coordinates"":[]}"
113_0,1632.0,"{""type"":""MultiPoint"",""coordinates"":[]}"
114_0,1605.3333333333333,"{""type"":""MultiPoint"",""coordinates"":[]}"
115_0,1551.3333333333333,"{""type"":""MultiPoint"",""coordinates"":[]}"
116_0,1461.0,"{""type"":""MultiPoint"",""coordinates"":[]}"
117_0,1426.0,"{""type"":""MultiPoint"",""coordinates"":[]}"
118_0,1643.6666666666667,"{""type"":""MultiPoint"",""coordinates"":[]}"
119_0,1944.3333333333333,"{""type"":""MultiPoint"",""coordinates"":[]}"
120_0,1545.0,"{""type"":""MultiPoint"",""coordinates"":[]}"
121_0,1660.0,"{""type"":""MultiPoint"",""coordinates"":[]}"
122_0,1336.6666666666667,"{""type"":""MultiPoint"",""coordinates"":[]}"
123_0,1471.6666666666667,"{""type"":""MultiPoint"",""coordinates"":[]}"
124_0,1249.6666666666667,"{""type"":""MultiPoint"",""coordinates"":[]}"
125_0,1683.6666666666667,"{""type"":""MultiPoint"",""coordinates"":[]}"
126_0,1305.0,"{""type"":""MultiPoint"",""coordinates"":[]}"
127_0,1415.3333333333333,"{""type"":""MultiPoint"",""coordinates"":[]}"
128_0,1408.3333333333333,"{""type"":""MultiPoint"",""coordinates"":[]}"
129_0,1470.6666666666667,"{""type"":""MultiPoint"",""coordinates"":[]}"
130_0,1535.6666666666667,"{""type"":""MultiPoint"",""coordinates"":[]}"
131_0,1473.0,"{""type"":""MultiPoint"",""coordinates"":[]}"
132_0,1508.6666666666667,"{""type"":""MultiPoint"",""coordinates"":[]}"
133_0,1598.3333333333333,"{""type"":""MultiPoint"",""coordinates"":[]}"
134_0,1395.0,"{""type"":""MultiPoint"",""coordinates"":[]}"
135_0,1602.6666666666667,"{""type"":""MultiPoint"",""coordinates"":[]}"
136_0,1879.3333333333333,"{""type"":""MultiPoint"",""coordinates"":[]}"
137_0,1587.3333333333333,"{""type"":""MultiPoint"",""coordinates"":[]}"
138_0,1567.3333333333333,"{""type"":""MultiPoint"",""coordinates"":[]}"
139_0,1593.3333333333333,"{""type"":""MultiPoint"",""coordinates"":[]}"
140_0,1757.3333333333333,"{""type"":""MultiPoint"",""coordinates"":[]}"
141_0,1379.0,"{""type"":""MultiPoint"",""coordinates"":[]}"
142_0,1638.6666666666667,"{""type"":""MultiPoint"",""coordinates"":[]}"
143_0,1507.6666666666667,"{""type"":""MultiPoint"",""coordinates"":[]}"
144_0,1532.6666666666667,"{""type"":""MultiPoint"",""coordinates"":[]}"
145_0,1390.3333333333333,"{""type"":""MultiPoint"",""coordinates"":[]}"
146_0,1470.3333333333333,"{""type"":""MultiPoint"",""coordinates"":[]}"
147_0,1418.3333333333333,"{""type"":""MultiPoint"",""coordinates"":[]}"
148_0,1602.3333333333333,"{""type"":""MultiPoint"",""coordinates"":[]}"
149_0,1891.6666666666667,"{""type"":""MultiPoint"",""coordinates"":[]}"
150_0,1762.0,"{""type"":""MultiPoint"",""coordinates"":[]}"
151_0,1591.0,"{""type"":""MultiPoint"",""coordinates"":[]}"
152_0,1582.6666666666667,"{""type"":""MultiPoint"",""coordinates"":[]}"
153_0,1673.6666666666667,"{""type"":""MultiPoint"",""coordinates"":[]}"
154_0,1632.6666666666667,"{""type"":""MultiPoint"",""coordinates"":[]}"
155_0,1459.6666666666667,"{""type"":""MultiPoint"",""coordinates"":[]}"
156_0,1592.0,"{""type"":""MultiPoint"",""coordinates"":[]}"
157_0,1570.6666666666667,"{""type"":""MultiPoint"",""coordinates"":[]}"
158_0,1289.0,"{""type"":""MultiPoint"",""coordinates"":[]}"
159_0,1662.6666666666667,"{""type"":""MultiPoint"",""coordinates"":[]}"
160_0,1672.3333333333333,"{""type"":""MultiPoint"",""coordinates"":[]}"
161_0,1575.0,"{""type"":""MultiPoint"",""coordinates"":[]}"
162_0,1435.3333333333333,"{""type"":""MultiPoint"",""coordinates"":[]}"
163_0,1780.6666666666667,"{""type"":""MultiPoint"",""coordinates"":[]}"
164_0,1692.0,"{""type"":""MultiPoint"",""coordinates"":[]}"
165_0,1397.0,"{""type"":""MultiPoint"",""coordinates"":[]}"
166_0,1644.6666666666667,"{""type"":""MultiPoint"",""coordinates"":[]}"
167_0,1520.3333333333333,"{""type"":""MultiPoint"",""coordinates"":[]}"
168_0,1728.3333333333333,"{""type"":""MultiPoint"",""coordinates"":[]}"
169_0,1583.3333333333333,"{""type"":""MultiPoint"",""coordinates"":[]}"
170_0,1473.3333333333333,"{""type"":""MultiPoint"",""coordinates"":[]}"
171_0,1683.6666666666667,"{""type"":""MultiPoint"",""coordinates"":[]}"
172_0,1634.3333333333333,"{""type"":""MultiPoint"",""coordinates"":[]}"
173_0,1349.6666666666667,"{""type"":""MultiPoint"",""coordinates"":[]}"
174_0,1573.6666666666667,"{""type"":""MultiPoint"",""coordinates"":[]}"
175_0,1724.0,"{""type"":""MultiPoint"",""coordinates"":[]}"
176_0,2049.6666666666665,"{""type"":""MultiPoint"",""coordinates"":[]}"
177_0,1497.0,"{""type"":""MultiPoint"",""coordinates"":[]}"
178_0,1322.0,"{""type"":""MultiPoint"",""coordinates"":[]}"
179_0,1886.6666666666667,"{""type"":""MultiPoint"",""coordinates"":[]}"
180_0,1653.6666666666667,"{""type"":""MultiPoint"",""coordinates"":[]}"
181_0,1667.6666666666667,"{""type"":""MultiPoint"",""coordinates"":[]}"
182_0,1469.6666666666667,"{""type"":""MultiPoint"",""coordinates"":[]}"
183_0,1413.3333333333333,"{""type"":""MultiPoint"",""coordinates"":[]}"
184_0,1363.0,"{""type"":""MultiPoint"",""coordinates"":[]}"
185_0,1437.0,"{""type"":""MultiPoint"",""coordinates"":[]}"
186_0,1642.6666666666667,"{""type"":""MultiPoint"",""coordinates"":[]}"
187_0,1686.0,"{""type"":""MultiPoint"",""coordinates"":[]}"
188_0,1623.0,"{""type"":""MultiPoint"",""coordinates"":[]}"
189_0,1423.0,"{""type"":""MultiPoint"",""coordinates"":[]}"
190_0,1520.3333333333333,"{""type"":""MultiPoint"",""coordinates"":[]}"
191_0,1685.0,"{""type"":""MultiPoint"",""coordinates"":[]}"
192_0,1718.6666666666667,"{""type"":""MultiPoint"",""coordinates"":[]}"
193_0,1399.0,"{""type"":""MultiPoint"",""coordinates"":[]}"
194_0,1577.0,"{""type"":""MultiPoint"",""coordinates"":[]}"
195_0,1642.6666666666667,"{""type"":""MultiPoint"",""coordinates"":[]}"
196_0,1609.0,"{""type"":""MultiPoint"",""coordinates"":[]}"
197_0,1683.3333333333333,"{""type"":""MultiPoint"",""coordinates"":[]}"
198_0,1631.3333333333333,"{""type"":""MultiPoint"",""coordinates"":[]}"
199_0,1471.3333333333333,"{""type"":""MultiPoint"",""coordinates"":[]}"
200_0,1158.3333333333333,"{""type"":""MultiPoint"",""coordinates"":[]}"
201_0,1344.3333333333333,"{""type"":""MultiPoint"",""coordinates"":[]}"
202_0,1555.3333333333333,"{""type"":""MultiPoint"",""coordinates"":[]}"
203_0,1742.6666666666667,"{""type"":""MultiPoint"",""coordinates"":[]}"
204_0,1643.3333333333333,"{""type"":""MultiPoint"",""coordinates"":[]}"
205_0,1544.6666666666667,"{""type"":""MultiPoint"",""coordinates"":[]}"
206_0,1547.6666666666667,"{""type"":""MultiPoint"",""coordinates"":[]}"
207_0,1413.6666666666667,"{""type"":""MultiPoint"",""coordinates"":[]}"
208_0,1701.0,"{""type"":""MultiPoint"",""coordinates"":[]}"
209_0,1374.0,"{""type"":""MultiPoint"",""coordinates"":[]}"
210_0,1650.3333333333333,"{""type"":""MultiPoint"",""coordinates"":[]}"
211_0,1641.3333333333333,"{""type"":""MultiPoint"",""coordinates"":[]}"
212_0,1576.6666666666667,"{""type"":""MultiPoint"",""coordinates"":[]}"
213_0,1711.0,"{""type"":""MultiPoint"",""coordinates"":[]}"
214_0,1502.3333333333333,"{""type"":""MultiPoint"",""coordinates"":[]}"
215_0,1944.3333333333333,"{""type"":""MultiPoint"",""coordinates"":[]}"
216_0,1626.6666666666667,"{""type"":""MultiPoint"",""coordinates"":[]}"
217_0,1524.0,"{""type"":""MultiPoint"",""coordinates"":[]}"
218_0,1715.0,"{""type"":""MultiPoint"",""coordinates"":[]}"
219_0,1647.6666666666667,"{""type"":""MultiPoint"",""coordinates"":[]}"
220_0,1598.6666666666667,"{""type"":""MultiPoint"",""coordinates"":[]}"
221_0,1822.6666666666667,"{""type"":""MultiPoint"",""coordinates"":[]}"
222_0,1430.6666666666667,"{""type"":""MultiPoint"",""coordinates"":[]}"
223_0,1551.6666666666667,"{""type"":""MultiPoint"",""coordinates"":[]}"
224_0,1411.0,"{""type"":""MultiPoint"",""coordinates"":[]}"
225_0,1677.0,"{""type"":""MultiPoint"",""coordinates"":[]}"
226_0,1640.6666666666667,"{""type"":""MultiPoint"",""coordinates"":[]}"
227_0,1554.0,"{""type"":""MultiPoint"",""coordinates"":[]}"
228_0,1418.6666666666667,"{""type"":""MultiPoint"",""coordinates"":[]}"
229_0,1643.3333333333333,"{""type"":""MultiPoint"",""coordinates"":[]}"
230_0,1928.3333333333333,"{""type"":""MultiPoint"",""coordinates"":[]}"
231_0,1487.0,"{""type"":""MultiPoint"",""coordinates"":[]}"
232_0,1720.0,"{""type"":""MultiPoint"",""coordinates"":[]}"
233_0,1327.3333333333333,"{""type"":""MultiPoint"",""coordinates"":[]}"
234_0,1220.3333333333333,"{""type"":""MultiPoint"",""coordinates"":[]}"
235_0,1653.3333333333333,"{""type"":""MultiPoint"",""coordinates"":[]}"
236_0,1576.3333333333333,"{""type"":""MultiPoint"",""coordinates"":[]}"
237_0,1436.6666666666667,"{""type"":""MultiPoint"",""coordinates"":[]}"
238_0,1303.0,"{""type"":""MultiPoint"",""coordinates"":[]}"
239_0,1799.3333333333333,"{""type"":""MultiPoint"",""coordinates"":[]}"
240_0,1264.0,"{""type"":""MultiPoint"",""coordinates"":[]}"
241_0,1687.3333333333333,"{""type"":""MultiPoint"",""coordinates"":[]}"
242_0,1604.3333333333333,"{""type"":""MultiPoint"",""coordinates"":[]}"
243_0,1608.6666666666667,"{""type"":""MultiPoint"",""coordinates"":[]}"
244_0,1538.6666666666667,"{""type"":""MultiPoint"",""coordinates"":[]}"
245_0,1783.0,"{""type"":""MultiPoint"",""coordinates"":[]}"
246_0,1596.0,"{""type"":""MultiPoint"",""coordinates"":[]}"
247_0,1691.0,"{""type"":""MultiPoint"",""coordinates"":[]}"
248_0,1786.3333333333333,"{""type"":""MultiPoint"",""coordinates"":[]}"
249_0,1583.0,"{""type"":""MultiPoint"",""coordinates"":[]}"
250_0,1422.6666666666667,"{""type"":""MultiPoint"",""coordinates"":[]}"
251_0,1544.6666666666667,"{""type"":""MultiPoint"",""coordinates"":[]}"
252_0,1508.3333333333333,"{""type"":""MultiPoint"",""coordinates"":[]}"
253_0,1602.3333333333333,"{""type"":""MultiPoint"",""coordinates"":[]}"
254_0,1767.3333333333333,"{""type"":""MultiPoint"",""coordinates"":[]}"
255_0,1448.3333333333333,"{""type"":""MultiPoint"",""coordinates"":[]}"
256_0,1631.6666666666667,"{""type"":""MultiPoint"",""coordinates"":[]}"
257_0,1680.6666666666667,"{""type"":""MultiPoint"",""coordinates"":[]}"
258_0,1645.3333333333333,"{""type"":""MultiPoint"",""coordinates"":[]}"
259_0,1601.0,"{""type"":""MultiPoint"",""coordinates"":[]}"
260_0,1624.0,"{""type"":""MultiPoint"",""coordinates"":[]}"
261_0,1879.0,"{""type"":""MultiPoint"",""coordinates"":[]}"
262_0,1685.3333333333333,"{""type"":""MultiPoint"",""coordinates"":[]}"
263_0,1499.3333333333333,"{""type"":""MultiPoint"",""coordinates"":[]}"
264_0,1169.6666666666667,"{""type"":""MultiPoint"",""coordinates"":[]}"
265_0,1575.0,"{""type"":""MultiPoint"",""coordinates"":[]}"
266_0,1404.6666666666667,"{""type"":""MultiPoint"",""coordinates"":[]}"
267_0,1761.0,"{""type"":""MultiPoint"",""coordinates"":[]}"
268_0,1355.6666666666667,"{""type"":""MultiPoint"",""coordinates"":[]}"
269_0,1507.6666666666667,"{""type"":""MultiPoint"",""coordinates"":[]}"
270_0,1580.0,"{""type"":""MultiPoint"",""coordinates"":[]}"
271_0,1340.3333333333333,"{""type"":""MultiPoint"",""coordinates"":[]}"
272_0,1584.0,"{""type"":""MultiPoint"",""coordinates"":[]}"
273_0,1520.3333333333333,"{""type"":""MultiPoint"",""coordinates"":[]}"
274_0,1637.3333333333333,"{""type"":""MultiPoint"",""coordinates"":[]}"
275_0,1467.6666666666667,"{""type"":""MultiPoint"",""coordinates"":[]}"
276_0,1670.3333333333333,"{""type"":""MultiPoint"",""coordinates"":[]}"
277_0,1307.6666666666667,"{""type"":""MultiPoint"",""coordinates"":[]}"
278_0,1607.0,"{""type"":""MultiPoint"",""coordinates"":[]}"
279_0,1702.6666666666667,"{""type"":""MultiPoint"",""coordinates"":[]}"
280_0,1879.0,"{""type"":""MultiPoint"",""coordinates"":[]}"
281_0,1672.0,"{""type"":""MultiPoint"",""coordinates"":[]}"
282_0,1777.3333333333333,"{""type"":""MultiPoint"",""coordinates"":[]}"
283_0,1657.6666666666667,"{""type"":""MultiPoint"",""coordinates"":[]}"
284_0,1958.0,"{""type"":""MultiPoint"",""coordinates"":[]}"
285_0,2020.0,"{""type"":""MultiPoint"",""coordinates"":[]}"
286_0,1556.3333333333333,"{""type"":""MultiPoint"",""coordinates"":[]}"
287_0,1436.3333333333333,"{""type"":""MultiPoint"",""coordinates"":[]}"
289_0,1537.3333333333333,"{""type"":""MultiPoint"",""coordinates"":[]}"
290_0,1362.0,"{""type"":""MultiPoint"",""coordinates"":[]}"
291_0,1474.6666666666667,"{""type"":""MultiPoint"",""coordinates"":[]}"
292_0,1107.3333333333333,"{""type"":""MultiPoint"",""coordinates"":[]}"
293_0,1606.0,"{""type"":""MultiPoint"",""coordinates"":[]}"
294_0,1628.0,"{""type"":""MultiPoint"",""coordinates"":[]}"
295_0,1659.0,"{""type"":""MultiPoint"",""coordinates"":[]}"
296_0,1501.6666666666667,"{""type"":""MultiPoint"",""coordinates"":[]}"
297_0,1675.6666666666667,"{""type"":""MultiPoint"",""coordinates"":[]}"
298_0,1110.3333333333333,"{""type"":""MultiPoint"",""coordinates"":[]}"
299_0,1563.3333333333333,"{""type"":""MultiPoint"",""coordinates"":[]}"
300_0,1918.0,"{""type"":""MultiPoint"",""coordinates"":[]}"
301_0,1641.0,"{""type"":""MultiPoint"",""coordinates"":[]}"
302_0,1733.0,"{""type"":""MultiPoint"",""coordinates"":[]}"
303_0,1696.0,"{""type"":""MultiPoint"",""coordinates"":[]}"
304_0,1632.3333333333333,"{""type"":""MultiPoint"",""coordinates"":[]}"
305_0,1717.6666666666667,"{""type"":""MultiPoint"",""coordinates"":[]}"
306_0,1558.0,"{""type"":""MultiPoint"",""coordinates"":[]}"
307_0,1588.0,"{""type"":""MultiPoint"",""coordinates"":[]}"
308_0,1431.0,"{""type"":""MultiPoint"",""coordinates"":[]}"
309_0,1587.6666666666667,"{""type"":""MultiPoint"",""coordinates"":[]}"
310_0,1861.3333333333333,"{""type"":""MultiPoint"",""coordinates"":[]}"
311_0,1699.6666666666667,"{""type"":""MultiPoint"",""coordinates"":[]}"
312_0,1483.6666666666667,"{""type"":""MultiPoint"",""coordinates"":[]}"
313_0,1594.0,"{""type"":""MultiPoint"",""coordinates"":[]}"
314_0,1280.6666666666667,"{""type"":""MultiPoint"",""coordinates"":[]}"
315_0,1420.0,"{""type"":""MultiPoint"",""coordinates"":[]}"
316_0,1646.0,"{""type"":""MultiPoint"",""coordinates"":[]}"
317_0,1479.0,"{""type"":""MultiPoint"",""coordinates"":[]}"
318_0,1581.0,"{""type"":""MultiPoint"",""coordinates"":[]}"
319_0,1493.3333333333333,"{""type"":""MultiPoint"",""coordinates"":[]}"
320_0,1580.6666666666667,"{""type"":""MultiPoint"",""coordinates"":[]}"
321_0,1629.3333333333333,"{""type"":""MultiPoint"",""coordinates"":[]}"
322_0,1289.6666666666667,"{""type"":""MultiPoint"",""coordinates"":[]}"
323_0,1480.0,"{""type"":""MultiPoint"",""coordinates"":[]}"
324_0,1402.3333333333333,"{""type"":""MultiPoint"",""coordinates"":[]}"
325_0,1891.3333333333333,"{""type"":""MultiPoint"",""coordinates"":[]}"
326_0,1673.6666666666667,"{""type"":""MultiPoint"",""coordinates"":[]}"
327_0,1423.6666666666667,"{""type"":""MultiPoint"",""coordinates"":[]}"
328_0,1426.3333333333333,"{""type"":""MultiPoint"",""coordinates"":[]}"
329_0,1636.0,"{""type"":""MultiPoint"",""coordinates"":[]}"
330_0,1682.0,"{""type"":""MultiPoint"",""coordinates"":[]}"
331_0,1643.0,"{""type"":""MultiPoint"",""coordinates"":[]}"
332_0,1571.6666666666667,"{""type"":""MultiPoint"",""coordinates"":[]}"
333_0,1619.3333333333333,"{""type"":""MultiPoint"",""coordinates"":[]}"
334_0,1320.6666666666667,"{""type"":""MultiPoint"",""coordinates"":[]}"
335_0,1721.0,"{""type"":""MultiPoint"",""coordinates"":[]}"
336_0,1690.0,"{""type"":""MultiPoint"",""coordinates"":[]}"
337_0,1916.0,"{""type"":""MultiPoint"",""coordinates"":[]}"
338_0,1657.0,"{""type"":""MultiPoint"",""coordinates"":[]}"
339_0,1505.6666666666667,"{""type"":""MultiPoint"",""coordinates"":[]}"
340_0,1536.6666666666667,"{""type"":""MultiPoint"",""coordinates"":[]}"
341_0,1453.0,"{""type"":""MultiPoint"",""coordinates"":[]}"
342_0,1438.6666666666667,"{""type"":""MultiPoint"",""coordinates"":[]}"
343_0,1654.0,"{""type"":""MultiPoint"",""coordinates"":[]}"
344_0,1548.6666666666667,"{""type"":""MultiPoint"",""coordinates"":[]}"
345_0,1658.3333333333333,"{""type"":""MultiPoint"",""coordinates"":[]}"
346_0,1350.0,"{""type"":""MultiPoint"",""coordinates"":[]}"
347_0,1511.0,"{""type"":""MultiPoint"",""coordinates"":[]}"
348_0,1568.0,"{""type"":""MultiPoint"",""coordinates"":[]}"
349_0,1575.6666666666667,"{""type"":""MultiPoint"",""coordinates"":[]}"
350_0,1841.3333333333333,"{""type"":""MultiPoint"",""coordinates"":[]}"
351_0,2090.0,"{""type"":""MultiPoint"",""coordinates"":[]}"
352_0,1926.6666666666667,"{""type"":""MultiPoint"",""coordinates"":[]}"
353_0,1409.3333333333333,"{""type"":""MultiPoint"",""coordinates"":[]}"
354_0,1599.3333333333333,"{""type"":""MultiPoint"",""coordinates"":[]}"
355_0,1534.0,"{""type"":""MultiPoint"",""coordinates"":[]}"
356_0,1468.6666666666667,"{""type"":""MultiPoint"",""coordinates"":[]}"
357_0,1499.6666666666667,"{""type"":""MultiPoint"",""coordinates"":[]}"
358_0,1865.3333333333333,"{""type"":""MultiPoint"",""coordinates"":[]}"
359_0,1633.0,"{""type"":""MultiPoint"",""coordinates"":[]}"
360_0,1424.3333333333333,"{""type"":""MultiPoint"",""coordinates"":[]}"
361_0,1658.0,"{""type"":""MultiPoint"",""coordinates"":[]}"
362_0,1710.6666666666667,"{""type"":""MultiPoint"",""coordinates"":[]}"
363_0,1641.3333333333333,"{""type"":""MultiPoint"",""coordinates"":[]}"
364_0,1411.3333333333333,"{""type"":""MultiPoint"",""coordinates"":[]}"
365_0,1687.6666666666667,"{""type"":""MultiPoint"",""coordinates"":[]}"
366_0,1851.6666666666667,"{""type"":""MultiPoint"",""coordinates"":[]}"
367_0,1403.0,"{""type"":""MultiPoint"",""coordinates"":[]}"
368_0,1570.6666666666667,"{""type"":""MultiPoint"",""coordinates"":[]}"
369_0,1630.0,"{""type"":""MultiPoint"",""coordinates"":[]}"
370_0,1445.6666666666667,"{""type"":""MultiPoint"",""coordinates"":[]}"
371_0,1668.0,"{""type"":""MultiPoint"",""coordinates"":[]}"
372_0,1525.0,"{""type"":""MultiPoint"",""coordinates"":[]}"
373_0,1606.0,"{""type"":""MultiPoint"",""coordinates"":[]}"
374_0,1918.0,"{""type"":""MultiPoint"",""coordinates"":[]}"
375_0,1672.3333333333333,"{""type"":""MultiPoint"",""coordinates"":[]}"
376_0,1493.3333333333333,"{""type"":""MultiPoint"",""coordinates"":[]}"
377_0,1456.3333333333333,"{""type"":""MultiPoint"",""coordinates"":[]}"
378_0,1635.0,"{""type"":""MultiPoint"",""coordinates"":[]}"
379_0,1567.6666666666667,"{""type"":""MultiPoint"",""coordinates"":[]}"
380_0,1655.0,"{""type"":""MultiPoint"",""coordinates"":[]}"
381_0,1437.6666666666667,"{""type"":""MultiPoint"",""coordinates"":[]}"
382_0,1173.3333333333333,"{""type"":""MultiPoint"",""coordinates"":[]}"
383_0,2003.6666666666667,"{""type"":""MultiPoint"",""coordinates"":[]}"
384_0,1594.0,"{""type"":""MultiPoint"",""coordinates"":[]}"
385_0,1419.0,"{""type"":""MultiPoint"",""coordinates"":[]}"
386_0,1556.0,"{""type"":""MultiPoint"",""coordinates"":[]}"
387_0,1405.6666666666667,"{""type"":""MultiPoint"",""coordinates"":[]}"
388_0,1591.0,"{""type"":""MultiPoint"",""coordinates"":[]}"
389_0,1627.6666666666667,"{""type"":""MultiPoint"",""coordinates"":[]}"
390_0,1710.6666666666667,"{""type"":""MultiPoint"",""coordinates"":[]}"
391_0,2002.3333333333333,"{""type"":""MultiPoint"",""coordinates"":[]}"
392_0,1346.0,"{""type"":""MultiPoint"",""coordinates"":[]}"
393_0,1199.6666666666667,"{""type"":""MultiPoint"",""coordinates"":[]}"
394_0,1530.0,"{""type"":""MultiPoint"",""coordinates"":[]}"
395_0,1492.6666666666667,"{""type"":""MultiPoint"",""coordinates"":[]}"
396_0,1374.3333333333333,"{""type"":""MultiPoint"",""coordinates"":[]}"
397_0,1657.0,"{""type"":""MultiPoint"",""coordinates"":[]}"
398_0,1484.0,"{""type"":""MultiPoint"",""coordinates"":[]}"
399_0,1268.3333333333333,"{""type"":""MultiPoint"",""coordinates"":[]}"
400_0,1545.3333333333333,"{""type"":""MultiPoint"",""coordinates"":[]}"
401_0,1626.6666666666667,"{""type"":""MultiPoint"",""coordinates"":[]}"
402_0,2066.0,"{""type"":""MultiPoint"",""coordinates"":[]}"
403_0,1764.6666666666667,"{""type"":""MultiPoint"",""coordinates"":[]}"
404_0,1477.3333333333333,"{""type"":""MultiPoint"",""coordinates"":[]}"
405_0,1649.6666666666667,"{""type"":""MultiPoint"",""coordinates"":[]}"
406_0,1643.0,"{""type"":""MultiPoint"",""coordinates"":[]}"
407_0,1667.6666666666667,"{""type"":""MultiPoint"",""coordinates"":[]}"
408_0,1332.3333333333333,"{""type"":""MultiPoint"",""coordinates"":[]}"
409_0,1663.3333333333333,"{""type"":""MultiPoint"",""coordinates"":[]}"
410_0,1506.6666666666667,"{""type"":""MultiPoint"",""coordinates"":[]}"
411_0,1702.6666666666667,"{""type"":""MultiPoint"",""coordinates"":[]}"
412_0,1605.6666666666667,"{""type"":""MultiPoint"",""coordinates"":[]}"
413_0,1359.6666666666667,"{""type"":""MultiPoint"",""coordinates"":[]}"
414_0,1300.3333333333333,"{""type"":""MultiPoint"",""coordinates"":[]}"
415_0,1623.3333333333333,"{""type"":""MultiPoint"",""coordinates"":[]}"
416_0,1405.6666666666667,"{""type"":""MultiPoint"",""coordinates"":[]}"
417_0,1276.0,"{""type"":""MultiPoint"",""coordinates"":[]}"
418_0,1213.0,"{""type"":""MultiPoint"",""coordinates"":[]}"
419_0,1806.6666666666667,"{""type"":""MultiPoint"",""coordinates"":[]}"
420_0,1960.0,"{""type"":""MultiPoint"",""coordinates"":[]}"
421_0,1827.0,"{""type"":""MultiPoint"",""coordinates"":[]}"
422_0,1403.0,"{""type"":""MultiPoint"",""coordinates"":[]}"
423_0,1602.6666666666667,"{""type"":""MultiPoint"",""coordinates"":[]}"
424_0,1670.6666666666667,"{""type"":""MultiPoint"",""coordinates"":[]}"
425_0,1280.0,"{""type"":""MultiPoint"",""coordinates"":[]}"
426_0,1639.3333333333333,"{""type"":""MultiPoint"",""coordinates"":[]}"
427_0,1582.0,"{""type"":""MultiPoint"",""coordinates"":[]}"
428_0,1473.3333333333333,"{""type"":""MultiPoint"",""coordinates"":[]}"
429_0,1149.6666666666667,"{""type"":""MultiPoint"",""coordinates"":[]}"
430_0,1383.3333333333333,"{""type"":""MultiPoint"",""coordinates"":[]}"
431_0,1644.3333333333333,"{""type"":""MultiPoint"",""coordinates"":[]}"
432_0,1593.6666666666667,"{""type"":""MultiPoint"",""coordinates"":[]}"
433_0,1405.6666666666667,"{""type"":""MultiPoint"",""coordinates"":[]}"
434_0,1450.3333333333333,"{""type"":""MultiPoint"",""coordinates"":[]}"
435_0,1494.0,"{""type"":""MultiPoint"",""coordinates"":[]}"
436_0,1593.6666666666667,"{""type"":""MultiPoint"",""coordinates"":[]}"
437_0,1623.0,"{""type"":""MultiPoint"",""coordinates"":[]}"
438_0,1620.0,"{""type"":""MultiPoint"",""coordinates"":[]}"
439_0,1587.6666666666667,"{""type"":""MultiPoint"",""coordinates"":[]}"
440_0,1951.3333333333333,"{""type"":""MultiPoint"",""coordinates"":[]}"
441_0,1534.6666666666667,"{""type"":""MultiPoint"",""coordinates"":[]}"
442_0,1602.3333333333333,"{""type"":""MultiPoint"",""coordinates"":[]}"
443_0,1370.6666666666667,"{""type"":""MultiPoint"",""coordinates"":[]}"
444_0,1543.6666666666667,"{""type"":""MultiPoint"",""coordinates"":[]}"
445_0,1488.0,"{""type"":""MultiPoint"",""coordinates"":[]}"
446_0,1657.0,"{""type"":""MultiPoint"",""coordinates"":[]}"
447_0,1653.6666666666667,"{""type"":""MultiPoint"",""coordinates"":[]}"
448_0,1524.3333333333333,"{""type"":""MultiPoint"",""coordinates"":[]}"
449_0,1773.6666666666667,"{""type"":""MultiPoint"",""coordinates"":[]}"
450_0,1523.3333333333333,"{""type"":""MultiPoint"",""coordinates"":[]}"
451_0,1214.0,"{""type"":""MultiPoint"",""coordinates"":[]}"
452_0,1431.6666666666667,"{""type"":""MultiPoint"",""coordinates"":[]}"
453_0,1524.6666666666667,"{""type"":""MultiPoint"",""coordinates"":[]}"
454_0,1644.0,"{""type"":""MultiPoint"",""coordinates"":[]}"
455_0,1385.3333333333333,"{""type"":""MultiPoint"",""coordinates"":[]}"
456_0,1601.3333333333333,"{""type"":""MultiPoint"",""coordinates"":[]}"
457_0,1907.6666666666667,"{""type"":""MultiPoint"",""coordinates"":[]}"
458_0,1637.6666666666667,"{""type"":""MultiPoint"",""coordinates"":[]}"
459_0,1585.6666666666667,"{""type"":""MultiPoint"",""coordinates"":[]}"
460_0,1434.0,"{""type"":""MultiPoint"",""coordinates"":[]}"
461_0,1235.6666666666667,"{""type"":""MultiPoint"",""coordinates"":[]}"
462_0,1488.6666666666667,"{""type"":""MultiPoint"",""coordinates"":[]}"
463_0,1410.3333333333333,"{""type"":""MultiPoint"",""coordinates"":[]}"
464_0,1262.3333333333333,"{""type"":""MultiPoint"",""coordinates"":[]}"
465_0,1588.6666666666667,"{""type"":""MultiPoint"",""coordinates"":[]}"
466_0,1520.3333333333333,"{""type"":""MultiPoint"",""coordinates"":[]}"
467_0,1715.3333333333333,"{""type"":""MultiPoint"",""coordinates"":[]}"
468_0,2052.3333333333335,"{""type"":""MultiPoint"",""coordinates"":[]}"
469_0,1604.3333333333333,"{""type"":""MultiPoint"",""coordinates"":[]}"
470_0,1901.0,"{""type"":""MultiPoint"",""coordinates"":[]}"
471_0,1730.6666666666667,"{""type"":""MultiPoint"",""coordinates"":[]}"
472_0,1572.6666666666667,"{""type"":""MultiPoint"",""coordinates"":[]}"
473_0,1504.3333333333333,"{""type"":""MultiPoint"",""coordinates"":[]}"
474_0,1436.6666666666667,"{""type"":""MultiPoint"",""coordinates"":[]}"
475_0,1684.6666666666667,"{""type"":""MultiPoint"",""coordinates"":[]}"
476_0,1448.6666666666667,"{""type"":""MultiPoint"",""coordinates"":[]}"
477_0,1498.3333333333333,"{""type"":""MultiPoint"",""coordinates"":[]}"
478_0,1564.0,"{""type"":""MultiPoint"",""coordinates"":[]}"
479_0,1582.6666666666667,"{""type"":""MultiPoint"",""coordinates"":[]}"
480_0,1264.0,"{""type"":""MultiPoint"",""coordinates"":[]}"
481_0,1954.0,"{""type"":""MultiPoint"",""coordinates"":[]}"
482_0,1576.6666666666667,"{""type"":""MultiPoint"",""coordinates"":[]}"
483_0,1591.6666666666667,"{""type"":""MultiPoint"",""coordinates"":[]}"
484_0,1553.0,"{""type"":""MultiPoint"",""coordinates"":[]}"
485_0,1587.0,"{""type"":""MultiPoint"",""coordinates"":[]}"
486_0,1654.3333333333333,"{""type"":""MultiPoint"",""coordinates"":[]}"
487_0,1489.3333333333333,"{""type"":""MultiPoint"",""coordinates"":[]}"
488_0,1993.3333333333333,"{""type"":""MultiPoint"",""coordinates"":[]}"
489_0,1592.0,"{""type"":""MultiPoint"",""coordinates"":[]}"
490_0,1664.3333333333333,"{""type"":""MultiPoint"",""coordinates"":[]}"
491_0,1639.3333333333333,"{""type"":""MultiPoint"",""coordinates"":[]}"
492_0,1452.0,"{""type"":""MultiPoint"",""coordinates"":[]}"
493_0,1607.0,"{""type"":""MultiPoint"",""coordinates"":[]}"
494_0,1585.6666666666667,"{""type"":""MultiPoint"",""coordinates"":[]}"
495_0,1698.6666666666667,"{""type"":""MultiPoint"",""coordinates"":[]}"
496_0,1686.3333333333333,"{""type"":""MultiPoint"",""coordinates"":[]}"
497_0,1589.6666666666667,"{""type"":""MultiPoint"",""coordinates"":[]}"
498_0,1343.6666666666667,"{""type"":""MultiPoint"",""coordinates"":[]}"
499_0,1632.6666666666667,"{""type"":""MultiPoint"",""coordinates"":[]}"
500_0,1620.0,"{""type"":""MultiPoint"",""coordinates"":[]}"
501_0,1976.0,"{""type"":""MultiPoint"",""coordinates"":[]}"
502_0,1631.3333333333333,"{""type"":""MultiPoint"",""coordinates"":[]}"
503_0,1528.0,"{""type"":""MultiPoint"",""coordinates"":[]}"
504_0,1422.0,"{""type"":""MultiPoint"",""coordinates"":[]}"
505_0,1680.3333333333333,"{""type"":""MultiPoint"",""coordinates"":[]}"
506_0,1366.6666666666667,"{""type"":""MultiPoint"",""coordinates"":[]}"
507_0,1846.3333333333333,"{""type"":""MultiPoint"",""coordinates"":[]}"
508_0,1817.3333333333333,"{""type"":""MultiPoint"",""coordinates"":[]}"
509_0,1709.3333333333333,"{""type"":""MultiPoint"",""coordinates"":[]}"
510_0,1499.0,"{""type"":""MultiPoint"",""coordinates"":[]}"
511_0,1864.6666666666667,"{""type"":""MultiPoint"",""coordinates"":[]}"
512_0,1465.3333333333333,"{""type"":""MultiPoint"",""coordinates"":[]}"
513_0,1452.0,"{""type"":""MultiPoint"",""coordinates"":[]}"
514_0,2030.0,"{""type"":""MultiPoint"",""coordinates"":[]}"
515_0,1618.0,"{""type"":""MultiPoint"",""coordinates"":[]}"
516_0,1592.6666666666667,"{""type"":""MultiPoint"",""coordinates"":[]}"
517_0,1559.3333333333333,"{""type"":""MultiPoint"",""coordinates"":[]}"
518_0,1641.0,"{""type"":""MultiPoint"",""coordinates"":[]}"
519_0,1692.3333333333333,"{""type"":""MultiPoint"",""coordinates"":[]}"
520_0,1533.6666666666667,"{""type"":""MultiPoint"",""coordinates"":[]}"
521_0,1720.6666666666667,"{""type"":""MultiPoint"",""coordinates"":[]}"
522_0,1611.3333333333333,"{""type"":""MultiPoint"",""coordinates"":[]}"
523_0,1707.3333333333333,"{""type"":""MultiPoint"",""coordinates"":[]}"
524_0,1673.3333333333333,"{""type"":""MultiPoint"",""coordinates"":[]}"
525_0,1622.0,"{""type"":""MultiPoint"",""coordinates"":[]}"
526_0,1419.6666666666667,"{""type"":""MultiPoint"",""coordinates"":[]}"
527_0,1330.6666666666667,"{""type"":""MultiPoint"",""coordinates"":[]}"
528_0,1655.0,"{""type"":""MultiPoint"",""coordinates"":[]}"
529_0,1449.0,"{""type"":""MultiPoint"",""coordinates"":[]}"
530_0,1679.3333333333333,"{""type"":""MultiPoint"",""coordinates"":[]}"
531_0,1753.6666666666667,"{""type"":""MultiPoint"",""coordinates"":[]}"
532_0,1576.6666666666667,"{""type"":""MultiPoint"",""coordinates"":[]}"
533_0,1610.0,"{""type"":""MultiPoint"",""coordinates"":[]}"
534_0,1818.3333333333333,"{""type"":""MultiPoint"",""coordinates"":[]}"
535_0,1525.3333333333333,"{""type"":""MultiPoint"",""coordinates"":[]}"
536_0,1514.3333333333333,"{""type"":""MultiPoint"",""coordinates"":[]}"
537_0,1535.0,"{""type"":""MultiPoint"",""coordinates"":[]}"
538_0,1512.6666666666667,"{""type"":""MultiPoint"",""coordinates"":[]}"
539_0,1578.3333333333333,"{""type"":""MultiPoint"",""coordinates"":[]}"
540_0,1437.3333333333333,"{""type"":""MultiPoint"",""coordinates"":[]}"
541_0,1272.6666666666667,"{""type"":""MultiPoint"",""coordinates"":[]}"
542_0,2107.6666666666665,"{""type"":""MultiPoint"",""coordinates"":[]}"
543_0,1583.6666666666667,"{""type"":""MultiPoint"",""coordinates"":[]}"
544_0,1640.3333333333333,"{""type"":""MultiPoint"",""coordinates"":[]}"
545_0,1185.6666666666667,"{""type"":""MultiPoint"",""coordinates"":[]}"
546_0,1589.0,"{""type"":""MultiPoint"",""coordinates"":[]}"
547_0,1733.0,"{""type"":""MultiPoint"",""coordinates"":[]}"
548_0,1608.0,"{""type"":""MultiPoint"",""coordinates"":[]}"
549_0,1426.0,"{""type"":""MultiPoint"",""coordinates"":[]}"
550_0,1878.6666666666667,"{""type"":""MultiPoint"",""coordinates"":[]}"
551_0,1721.6666666666667,"{""type"":""MultiPoint"",""coordinates"":[]}"
552_0,1392.0,"{""type"":""MultiPoint"",""coordinates"":[]}"
553_0,1850.0,"{""type"":""MultiPoint"",""coordinates"":[]}"
554_0,1157.0,"{""type"":""MultiPoint"",""coordinates"":[]}"
555_0,1487.3333333333333,"{""type"":""MultiPoint"",""coordinates"":[]}"
556_0,1537.3333333333333,"{""type"":""MultiPoint"",""coordinates"":[]}"
557_0,1463.3333333333333,"{""type"":""MultiPoint"",""coordinates"":[]}"
558_0,1606.3333333333333,"{""type"":""MultiPoint"",""coordinates"":[]}"
559_0,1471.6666666666667,"{""type"":""MultiPoint"",""coordinates"":[]}"
560_0,1266.0,"{""type"":""MultiPoint"",""coordinates"":[]}"
561_0,1647.0,"{""type"":""MultiPoint"",""coordinates"":[]}"
562_0,1308.3333333333333,"{""type"":""MultiPoint"",""coordinates"":[]}"
563_0,1554.0,"{""type"":""MultiPoint"",""coordinates"":[]}"
564_0,1989.0,"{""type"":""MultiPoint"",""coordinates"":[]}"
565_0,1619.0,"{""type"":""MultiPoint"",""coordinates"":[]}"
566_0,1441.0,"{""type"":""MultiPoint"",""coordinates"":[]}"
567_0,1677.0,"{""type"":""MultiPoint"",""coordinates"":[]}"
568_0,1475.6666666666667,"{""type"":""MultiPoint"",""coordinates"":[]}"
569_0,1604.6666666666667,"{""type"":""MultiPoint"",""coordinates"":[]}"
570_0,1344.0,"{""type"":""MultiPoint"",""coordinates"":[]}"
571_0,1055.3333333333333,"{""type"":""MultiPoint"",""coordinates"":[]}"
572_0,1390.3333333333333,"{""type"":""MultiPoint"",""coordinates"":[]}"
573_0,1197.6666666666667,"{""type"":""MultiPoint"",""coordinates"":[]}"
574_0,1613.3333333333333,"{""type"":""MultiPoint"",""coordinates"":[]}"
575_0,1340.3333333333333,"{""type"":""MultiPoint"",""coordinates"":[]}"
576_0,1378.3333333333333,"{""type"":""MultiPoint"",""coordinates"":[]}"
577_0,1669.0,"{""type"":""MultiPoint"",""coordinates"":[]}"
578_0,1927.0,"{""type"":""MultiPoint"",""coordinates"":[]}"
579_0,1614.6666666666667,"{""type"":""MultiPoint"",""coordinates"":[]}"
580_0,1205.6666666666667,"{""type"":""MultiPoint"",""coordinates"":[]}"
581_0,1600.6666666666667,"{""type"":""MultiPoint"",""coordinates"":[]}"
582_0,1541.6666666666667,"{""type"":""MultiPoint"",""coordinates"":[]}"
583_0,1374.0,"{""type"":""MultiPoint"",""coordinates"":[]}"
584_0,1365.0,"{""type"":""MultiPoint"",""coordinates"":[]}"
585_0,1737.0,"{""type"":""MultiPoint"",""coordinates"":[]}"
586_0,1194.0,"{""type"":""MultiPoint"",""coordinates"":[]}"
587_0,1893.3333333333333,"{""type"":""MultiPoint"",""coordinates"":[]}"
588_0,1601.3333333333333,"{""type"":""MultiPoint"",""coordinates"":[]}"
589_0,1580.6666666666667,"{""type"":""MultiPoint"",""coordinates"":[]}"
590_0,1530.3333333333333,"{""type"":""MultiPoint"",""coordinates"":[]}"
591_0,1526.3333333333333,"{""type"":""MultiPoint"",""coordinates"":[]}"
592_0,1462.0,"{""type"":""MultiPoint"",""coordinates"":[]}"
593_0,1707.0,"{""type"":""MultiPoint"",""coordinates"":[]}"
594_0,1754.3333333333333,"{""type"":""MultiPoint"",""coordinates"":[]}"
595_0,1443.3333333333333,"{""type"":""MultiPoint"",""coordinates"":[]}"
596_0,1487.0,"{""type"":""MultiPoint"",""coordinates"":[]}"
597_0,1515.3333333333333,"{""type"":""MultiPoint"",""coordinates"":[]}"
598_0,1720.6666666666667,"{""type"":""MultiPoint"",""coordinates"":[]}"
599_0,1575.6666666666667,"{""type"":""MultiPoint"",""coordinates"":[]}"
600_0,1806.6666666666667,"{""type"":""MultiPoint"",""coordinates"":[]}"
601_0,1663.3333333333333,"{""type"":""MultiPoint"",""coordinates"":[]}"
602_0,1093.6666666666667,"{""type"":""MultiPoint"",""coordinates"":[]}"
603_0,1554.3333333333333,"{""type"":""MultiPoint"",""coordinates"":[]}"
604_0,1675.3333333333333,"{""type"":""MultiPoint"",""coordinates"":[]}"
605_0,1555.6666666666667,"{""type"":""MultiPoint"",""coordinates"":[]}"
606_0,1705.3333333333333,"{""type"":""MultiPoint"",""coordinates"":[]}"
607_0,1665.3333333333333,"{""type"":""MultiPoint"",""coordinates"":[]}"
608_0,1593.0,"{""type"":""MultiPoint"",""coordinates"":[]}"
609_0,1239.6666666666667,"{""type"":""MultiPoint"",""coordinates"":[]}"
610_0,1629.3333333333333,"{""type"":""MultiPoint"",""coordinates"":[]}"
611_0,1633.3333333333333,"{""type"":""MultiPoint"",""coordinates"":[]}"
612_0,1578.6666666666667,"{""type"":""MultiPoint"",""coordinates"":[]}"
613_0,1562.0,"{""type"":""MultiPoint"",""coordinates"":[]}"
614_0,1519.3333333333333,"{""type"":""MultiPoint"",""coordinates"":[]}"
615_0,1639.6666666666667,"{""type"":""MultiPoint"",""coordinates"":[]}"
616_0,1614.0,"{""type"":""MultiPoint"",""coordinates"":[]}"
617_0,1683.0,"{""type"":""MultiPoint"",""coordinates"":[]}"
618_0,1780.6666666666667,"{""type"":""MultiPoint"",""coordinates"":[]}"
619_0,1548.0,"{""type"":""MultiPoint"",""coordinates"":[]}"
620_0,1504.6666666666667,"{""type"":""MultiPoint"",""coordinates"":[]}"
621_0,1588.3333333333333,"{""type"":""MultiPoint"",""coordinates"":[]}"
622_0,1370.6666666666667,"{""type"":""MultiPoint"",""coordinates"":[]}"
623_0,1660.0,"{""type"":""MultiPoint"",""coordinates"":[]}"
624_0,1681.6666666666667,"{""type"":""MultiPoint"",""coordinates"":[]}"
625_0,2101.3333333333335,"{""type"":""MultiPoint"",""coordinates"":[]}"
626_0,1684.6666666666667,"{""type"":""MultiPoint"",""coordinates"":[]}"
627_0,1834.0,"{""type"":""MultiPoint"",""coordinates"":[]}"
628_0,1624.0,"{""type"":""MultiPoint"",""coordinates"":[]}"
629_0,1691.3333333333333,"{""type"":""MultiPoint"",""coordinates"":[]}"
630_0,1537.0,"{""type"":""MultiPoint"",""coordinates"":[]}"
631_0,1807.0,"{""type"":""MultiPoint"",""coordinates"":[]}"
632_0,1580.0,"{""type"":""MultiPoint"",""coordinates"":[]}"
633_0,1215.6666666666667,"{""type"":""MultiPoint"",""coordinates"":[]}"
634_0,1973.6666666666667,"{""type"":""MultiPoint"",""coordinates"":[]}"
635_0,1572.6666666666667,"{""type"":""MultiPoint"",""coordinates"":[]}"
636_0,1594.6666666666667,"{""type"":""MultiPoint"",""coordinates"":[]}"
637_0,1520.3333333333333,"{""type"":""MultiPoint"",""coordinates"":[]}"
638_0,1454.0,"{""type"":""MultiPoint"",""coordinates"":[]}"
639_0,1632.6666666666667,"{""type"":""MultiPoint"",""coordinates"":[]}"
640_0,1489.6666666666667,"{""type"":""MultiPoint"",""coordinates"":[]}"
641_0,1319.3333333333333,"{""type"":""MultiPoint"",""coordinates"":[]}"
642_0,1280.0,"{""type"":""MultiPoint"",""coordinates"":[]}"
643_0,1669.0,"{""type"":""MultiPoint"",""coordinates"":[]}"
644_0,1649.3333333333333,"{""type"":""MultiPoint"",""coordinates"":[]}"
645_0,1719.6666666666667,"{""type"":""MultiPoint"",""coordinates"":[]}"
646_0,1679.3333333333333,"{""type"":""MultiPoint"",""coordinates"":[]}"
647_0,1642.6666666666667,"{""type"":""MultiPoint"",""coordinates"":[]}"
648_0,1576.0,"{""type"":""MultiPoint"",""coordinates"":[]}"
649_0,1658.6666666666667,"{""type"":""MultiPoint"",""coordinates"":[]}"
650_0,1476.0,"{""type"":""MultiPoint"",""coordinates"":[]}"
651_0,1856.3333333333333,"{""type"":""MultiPoint"",""coordinates"":[]}"
652_0,1390.0,"{""type"":""MultiPoint"",""coordinates"":[]}"
653_0,1218.0,"{""type"":""MultiPoint"",""coordinates"":[]}"
654_0,1462.6666666666667,"{""type"":""MultiPoint"",""coordinates"":[]}"
655_0,1564.0,"{""type"":""MultiPoint"",""coordinates"":[]}"
656_0,1491.0,"{""type"":""MultiPoint"",""coordinates"":[]}"
657_0,1531.0,"{""type"":""MultiPoint"",""coordinates"":[]}"
658_0,1497.3333333333333,"{""type"":""MultiPoint"",""coordinates"":[]}"
659_0,1657.6666666666667,"{""type"":""MultiPoint"",""coordinates"":[]}"
660_0,1619.0,"{""type"":""MultiPoint"",""coordinates"":[]}"
661_0,1956.6666666666667,"{""type"":""MultiPoint"",""coordinates"":[]}"
662_0,1525.3333333333333,"{""type"":""MultiPoint"",""coordinates"":[]}"
663_0,1690.3333333333333,"{""type"":""MultiPoint"",""coordinates"":[]}"
664_0,1917.3333333333333,"{""type"":""MultiPoint"",""coordinates"":[]}"
665_0,1546.6666666666667,"{""type"":""MultiPoint"",""coordinates"":[]}"
666_0,1523.0,"{""type"":""MultiPoint"",""coordinates"":[]}"
667_0,1568.6666666666667,"{""type"":""MultiPoint"",""coordinates"":[]}"
668_0,1195.6666666666667,"{""type"":""MultiPoint"",""coordinates"":[]}"
669_0,1425.3333333333333,"{""type"":""MultiPoint"",""coordinates"":[]}"
670_0,1563.6666666666667,"{""type"":""MultiPoint"",""coordinates"":[]}"
671_0,1238.6666666666667,"{""type"":""MultiPoint"",""coordinates"":[]}"
672_0,1870.0,"{""type"":""MultiPoint"",""coordinates"":[]}"
673_0,1498.3333333333333,"{""type"":""MultiPoint"",""coordinates"":[]}"
674_0,1664.3333333333333,"{""type"":""MultiPoint"",""coordinates"":[]}"
675_0,1450.0,"{""type"":""MultiPoint"",""coordinates"":[]}"
676_0,1659.6666666666667,"{""type"":""MultiPoint"",""coordinates"":[]}"
677_0,1458.3333333333333,"{""type"":""MultiPoint"",""coordinates"":[]}"
678_0,2031.3333333333333,"{""type"":""MultiPoint"",""coordinates"":[]}"
679_0,1716.3333333333333,"{""type"":""MultiPoint"",""coordinates"":[]}"
680_0,1909.6666666666667,"{""type"":""MultiPoint"",""coordinates"":[]}"
681_0,1656.6666666666667,"{""type"":""MultiPoint"",""coordinates"":[]}"
682_0,1451.6666666666667,"{""type"":""MultiPoint"",""coordinates"":[]}"
683_0,1522.3333333333333,"{""type"":""MultiPoint"",""coordinates"":[]}"
684_0,1526.0,"{""type"":""MultiPoint"",""coordinates"":[]}"
685_0,1440.0,"{""type"":""MultiPoint"",""coordinates"":[]}"
686_0,1611.6666666666667,"{""type"":""MultiPoint"",""coordinates"":[]}"
687_0,1668.0,"{""type"":""MultiPoint"",""coordinates"":[]}"
688_0,1640.3333333333333,"{""type"":""MultiPoint"",""coordinates"":[]}"
689_0,1411.6666666666667,"{""type"":""MultiPoint"",""coordinates"":[]}"
690_0,1675.6666666666667,"{""type"":""MultiPoint"",""coordinates"":[]}"
691_0,1617.3333333333333,"{""type"":""MultiPoint"",""coordinates"":[]}"
692_0,1636.0,"{""type"":""MultiPoint"",""coordinates"":[]}"
693_0,1267.0,"{""type"":""MultiPoint"",""coordinates"":[]}"
694_0,1618.0,"{""type"":""MultiPoint"",""coordinates"":[]}"
695_0,1559.0,"{""type"":""MultiPoint"",""coordinates"":[]}"
696_0,1423.3333333333333,"{""type"":""MultiPoint"",""coordinates"":[]}"
697_0,1576.3333333333333,"{""type"":""MultiPoint"",""coordinates"":[]}"
698_0,1138.3333333333333,"{""type"":""MultiPoint"",""coordinates"":[]}"
699_0,1633.3333333333333,"{""type"":""MultiPoint"",""coordinates"":[]}"
700_0,1845.0,"{""type"":""MultiPoint"",""coordinates"":[]}"
701_0,1656.6666666666667,"{""type"":""MultiPoint"",""coordinates"":[]}"
702_0,1609.0,"{""type"":""MultiPoint"",""coordinates"":[]}"
703_0,1757.6666666666667,"{""type"":""MultiPoint"",""coordinates"":[]}"
704_0,1691.6666666666667,"{""type"":""MultiPoint"",""coordinates"":[]}"
705_0,1537.0,"{""type"":""MultiPoint"",""coordinates"":[]}"
706_0,1646.3333333333333,"{""type"":""MultiPoint"",""coordinates"":[]}"
707_0,1811.6666666666667,"{""type"":""MultiPoint"",""coordinates"":[]}"
708_0,2040.3333333333333,"{""type"":""MultiPoint"",""coordinates"":[]}"
709_0,1702.6666666666667,"{""type"":""MultiPoint"",""coordinates"":[]}"
710_0,1521.6666666666667,"{""type"":""MultiPoint"",""coordinates"":[]}"
711_0,1526.3333333333333,"{""type"":""MultiPoint"",""coordinates"":[]}"
712_0,1320.0,"{""type"":""MultiPoint"",""coordinates"":[]}"
713_0,1384.3333333333333,"{""type"":""MultiPoint"",""coordinates"":[]}"
714_0,1496.6666666666667,"{""type"":""MultiPoint"",""coordinates"":[]}"
715_0,1452.6666666666667,"{""type"":""MultiPoint"",""coordinates"":[]}"
716_0,1356.3333333333333,"{""type"":""MultiPoint"",""coordinates"":[]}"
717_0,1309.6666666666667,"{""type"":""MultiPoint"",""coordinates"":[]}"
718_0,1587.3333333333333,"{""type"":""MultiPoint"",""coordinates"":[]}"
719_0,1329.0,"{""type"":""MultiPoint"",""coordinates"":[]}"
720_0,1647.6666666666667,"{""type"":""MultiPoint"",""coordinates"":[]}"
721_0,1632.6666666666667,"{""type"":""MultiPoint"",""coordinates"":[]}"
722_0,1508.6666666666667,"{""type"":""MultiPoint"",""coordinates"":[]}"
723_0,1569.6666666666667,"{""type"":""MultiPoint"",""coordinates"":[]}"
724_0,1879.0,"{""type"":""MultiPoint"",""coordinates"":[]}"
725_0,1665.3333333333333,"{""type"":""MultiPoint"",""coordinates"":[]}"
726_0,1307.0,"{""type"":""MultiPoint"",""coordinates"":[]}"
727_0,1634.6666666666667,"{""type"":""MultiPoint"",""coordinates"":[]}"
728_0,1627.0,"{""type"":""MultiPoint"",""coordinates"":[]}"
729_0,1467.0,"{""type"":""MultiPoint"",""coordinates"":[]}"
730_0,1624.6666666666667,"{""type"":""MultiPoint"",""coordinates"":[]}"
731_0,1509.3333333333333,"{""type"":""MultiPoint"",""coordinates"":[]}"
732_0,1502.6666666666667,"{""type"":""MultiPoint"",""coordinates"":[]}"
733_0,1859.3333333333333,"{""type"":""MultiPoint"",""coordinates"":[]}"
734_0,1267.0,"{""type"":""MultiPoint"",""coordinates"":[]}"
735_0,1579.6666666666667,"{""type"":""MultiPoint"",""coordinates"":[]}"
736_0,1479.6666666666667,"{""type"":""MultiPoint"",""coordinates"":[]}"
737_0,1448.6666666666667,"{""type"":""MultiPoint"",""coordinates"":[]}"
738_0,1457.6666666666667,"{""type"":""MultiPoint"",""coordinates"":[]}"
739_0,1690.0,"{""type"":""MultiPoint"",""coordinates"":[]}"
740_0,1206.0,"{""type"":""MultiPoint"",""coordinates"":[]}"
741_0,1559.0,"{""type"":""MultiPoint"",""coordinates"":[]}"
742_0,1630.0,"{""type"":""MultiPoint"",""coordinates"":[]}"
743_0,1333.0,"{""type"":""MultiPoint"",""coordinates"":[]}"
744_0,1906.6666666666667,"{""type"":""MultiPoint"",""coordinates"":[]}"
745_0,1630.3333333333333,"{""type"":""MultiPoint"",""coordinates"":[]}"
746_0,1789.0,"{""type"":""MultiPoint"",""coordinates"":[]}"
747_0,1406.0,"{""type"":""MultiPoint"",""coordinates"":[]}"
748_0,1607.6666666666667,"{""type"":""MultiPoint"",""coordinates"":[]}"
749_0,1856.0,"{""type"":""MultiPoint"",""coordinates"":[]}"
750_0,1864.0,"{""type"":""MultiPoint"",""coordinates"":[]}"
751_0,1404.6666666666667,"{""type"":""MultiPoint"",""coordinates"":[]}"
752_0,1466.3333333333333,"{""type"":""MultiPoint"",""coordinates"":[]}"
753_0,1610.0,"{""type"":""MultiPoint"",""coordinates"":[]}"
754_0,1582.0,"{""type"":""MultiPoint"",""coordinates"":[]}"
755_0,1623.6666666666667,"{""type"":""MultiPoint"",""coordinates"":[]}"
756_0,1399.0,"{""type"":""MultiPoint"",""coordinates"":[]}"
757_0,1622.0,"{""type"":""MultiPoint"",""coordinates"":[]}"
758_0,1430.3333333333333,"{""type"":""MultiPoint"",""coordinates"":[]}"
759_0,1306.6666666666667,"{""type"":""MultiPoint"",""coordinates"":[]}"
760_0,1445.3333333333333,"{""type"":""MultiPoint"",""coordinates"":[]}"
761_0,1365.0,"{""type"":""MultiPoint"",""coordinates"":[]}"
762_0,1940.6666666666667,"{""type"":""MultiPoint"",""coordinates"":[]}"
763_0,1538.6666666666667,"{""type"":""MultiPoint"",""coordinates"":[]}"
764_0,1654.6666666666667,"{""type"":""MultiPoint"",""coordinates"":[]}"
765_0,1488.6666666666667,"{""type"":""MultiPoint"",""coordinates"":[]}"
766_0,1423.0,"{""type"":""MultiPoint"",""coordinates"":[]}"
767_0,1377.3333333333333,"{""type"":""MultiPoint"",""coordinates"":[]}"
768_0,1611.0,"{""type"":""MultiPoint"",""coordinates"":[]}"
769_0,1753.0,"{""type"":""MultiPoint"",""coordinates"":[]}"
770_0,1515.6666666666667,"{""type"":""MultiPoint"",""coordinates"":[]}"
771_0,1491.6666666666667,"{""type"":""MultiPoint"",""coordinates"":[]}"
772_0,1930.0,"{""type"":""MultiPoint"",""coordinates"":[]}"
773_0,1569.0,"{""type"":""MultiPoint"",""coordinates"":[]}"
774_0,1619.6666666666667,"{""type"":""MultiPoint"",""coordinates"":[]}"
775_0,1666.3333333333333,"{""type"":""MultiPoint"",""coordinates"":[]}"
776_0,1445.3333333333333,"{""type"":""MultiPoint"",""coordinates"":[]}"
777_0,1579.6666666666667,"{""type"":""MultiPoint"",""coordinates"":[]}"
778_0,1616.0,"{""type"":""MultiPoint"",""coordinates"":[]}"
779_0,1655.0,"{""type"":""MultiPoint"",""coordinates"":[]}"
780_0,1449.3333333333333,"{""type"":""MultiPoint"",""coordinates"":[]}"
781_0,1535.6666666666667,"{""type"":""MultiPoint"",""coordinates"":[]}"
782_0,1573.6666666666667,"{""type"":""MultiPoint"",""coordinates"":[]}"
783_0,1420.0,"{""type"":""MultiPoint"",""coordinates"":[]}"
784_0,1632.0,"{""type"":""MultiPoint"",""coordinates"":[]}"
785_0,1714.0,"{""type"":""MultiPoint"",""coordinates"":[]}"
786_0,1635.0,"{""type"":""MultiPoint"",""coordinates"":[]}"
787_0,1682.3333333333333,"{""type"":""MultiPoint"",""coordinates"":[]}"
788_0,1525.0,"{""type"":""MultiPoint"",""coordinates"":[]}"
789_0,1634.0,"{""type"":""MultiPoint"",""coordinates"":[]}"
790_0,1569.6666666666667,"{""type"":""MultiPoint"",""coordinates"":[]}"
791_0,1574.6666666666667,"{""type"":""MultiPoint"",""coordinates"":[]}"
792_0,1405.6666666666667,"{""type"":""MultiPoint"",""coordinates"":[]}"
793_0,1478.0,"{""type"":""MultiPoint"",""coordinates"":[]}"
794_0,1439.0,"{""type"":""MultiPoint"",""coordinates"":[]}"
795_0,1414.3333333333333,"{""type"":""MultiPoint"",""coordinates"":[]}"
796_0,1545.0,"{""type"":""MultiPoint"",""coordinates"":[]}"
797_0,1657.6666666666667,"{""type"":""MultiPoint"",""coordinates"":[]}"
798_0,1570.6666666666667,"{""type"":""MultiPoint"",""coordinates"":[]}"
799_0,2038.0,"{""type"":""MultiPoint"",""coordinates"":[]}"
800_0,1180.3333333333333,"{""type"":""MultiPoint"",""coordinates"":[]}"
801_0,1159.6666666666667,"{""type"":""MultiPoint"",""coordinates"":[]}"
802_0,1958.3333333333333,"{""type"":""MultiPoint"",""coordinates"":[]}"
803_0,1330.3333333333333,"{""type"":""MultiPoint"",""coordinates"":[]}"
804_0,1640.3333333333333,"{""type"":""MultiPoint"",""coordinates"":[]}"
805_0,1448.6666666666667,"{""type"":""MultiPoint"",""coordinates"":[]}"
806_0,1459.3333333333333,"{""type"":""MultiPoint"",""coordinates"":[]}"
807_0,1297.3333333333333,"{""type"":""MultiPoint"",""coordinates"":[]}"
808_0,1690.3333333333333,"{""type"":""MultiPoint"",""coordinates"":[]}"
809_0,1586.6666666666667,"{""type"":""MultiPoint"",""coordinates"":[]}"
810_0,1672.6666666666667,"{""type"":""MultiPoint"",""coordinates"":[]}"
811_0,1356.0,"{""type"":""MultiPoint"",""coordinates"":[]}"
812_0,1731.6666666666667,"{""type"":""MultiPoint"",""coordinates"":[]}"
813_0,1781.6666666666667,"{""type"":""MultiPoint"",""coordinates"":[]}"
814_0,1484.0,"{""type"":""MultiPoint"",""coordinates"":[]}"
815_0,2022.0,"{""type"":""MultiPoint"",""coordinates"":[]}"
816_0,1603.3333333333333,"{""type"":""MultiPoint"",""coordinates"":[]}"
817_0,1591.3333333333333,"{""type"":""MultiPoint"",""coordinates"":[]}"
818_0,1666.3333333333333,"{""type"":""MultiPoint"",""coordinates"":[]}"
819_0,1742.3333333333333,"{""type"":""MultiPoint"",""coordinates"":[]}"
820_0,1627.0,"{""type"":""MultiPoint"",""coordinates"":[]}"
821_0,1597.0,"{""type"":""MultiPoint"",""coordinates"":[]}"
822_0,1599.0,"{""type"":""MultiPoint"",""coordinates"":[]}"
823_0,1864.6666666666667,"{""type"":""MultiPoint"",""coordinates"":[]}"
824_0,1421.6666666666667,"{""type"":""MultiPoint"",""coordinates"":[]}"
825_0,1627.3333333333333,"{""type"":""MultiPoint"",""coordinates"":[]}"
826_0,1674.6666666666667,"{""type"":""MultiPoint"",""coordinates"":[]}"
827_0,1412.6666666666667,"{""type"":""MultiPoint"",""coordinates"":[]}"
828_0,1826.0,"{""type"":""MultiPoint"",""coordinates"":[]}"
829_0,1617.3333333333333,"{""type"":""MultiPoint"",""coordinates"":[]}"
830_0,1455.3333333333333,"{""type"":""MultiPoint"",""coordinates"":[]}"
831_0,1398.6666666666667,"{""type"":""MultiPoint"",""coordinates"":[]}"
832_0,1434.0,"{""type"":""MultiPoint"",""coordinates"":[]}"
