system:index,vs,.geo
0_0,285.0,"{""type"":""MultiPoint"",""coordinates"":[]}"
1_0,134.33333333333334,"{""type"":""MultiPoint"",""coordinates"":[]}"
2_0,253.0,"{""type"":""MultiPoint"",""coordinates"":[]}"
3_0,251.0,"{""type"":""MultiPoint"",""coordinates"":[]}"
4_0,239.33333333333334,"{""type"":""MultiPoint"",""coordinates"":[]}"
5_0,270.0,"{""type"":""MultiPoint"",""coordinates"":[]}"
6_0,305.3333333333333,"{""type"":""MultiPoint"",""coordinates"":[]}"
7_0,239.0,"{""type"":""MultiPoint"",""coordinates"":[]}"
8_0,261.6666666666667,"{""type"":""MultiPoint"",""coordinates"":[]}"
9_0,259.0,"{""type"":""MultiPoint"",""coordinates"":[]}"
10_0,290.3333333333333,"{""type"":""MultiPoint"",""coordinates"":[]}"
11_0,269.6666666666667,"{""type"":""MultiPoint"",""coordinates"":[]}"
12_0,295.0,"{""type"":""MultiPoint"",""coordinates"":[]}"
13_0,262.6666666666667,"{""type"":""MultiPoint"",""coordinates"":[]}"
14_0,241.33333333333334,"{""type"":""MultiPoint"",""coordinates"":[]}"
15_0,248.66666666666666,"{""type"":""MultiPoint"",""coordinates"":[]}"
16_0,165.33333333333334,"{""type"":""MultiPoint"",""coordinates"":[]}"
17_0,227.33333333333334,"{""type"":""MultiPoint"",""coordinates"":[]}"
18_0,173.66666666666666,"{""type"":""MultiPoint"",""coordinates"":[]}"
19_0,310.0,"{""type"":""MultiPoint"",""coordinates"":[]}"
20_0,270.6666666666667,"{""type"":""MultiPoint"",""coordinates"":[]}"
21_0,217.66666666666666,"{""type"":""MultiPoint"",""coordinates"":[]}"
22_0,267.0,"{""type"":""MultiPoint"",""coordinates"":[]}"
23_0,317.3333333333333,"{""type"":""MultiPoint"",""coordinates"":[]}"
24_0,254.66666666666666,"{""type"":""MultiPoint"",""coordinates"":[]}"
25_0,203.66666666666666,"{""type"":""MultiPoint"",""coordinates"":[]}"
26_0,232.0,"{""type"":""MultiPoint"",""coordinates"":[]}"
27_0,133.33333333333334,"{""type"":""MultiPoint"",""coordinates"":[]}"
28_0,289.0,"{""type"":""MultiPoint"",""coordinates"":[]}"
29_0,327.3333333333333,"{""type"":""MultiPoint"",""coordinates"":[]}"
30_0,276.3333333333333,"{""type"":""MultiPoint"",""coordinates"":[]}"
31_0,278.3333333333333,"{""type"":""MultiPoint"",""coordinates"":[]}"
32_0,326.0,"{""type"":""MultiPoint"",""coordinates"":[]}"
33_0,195.0,"{""type"":""MultiPoint"",""coordinates"":[]}"
34_0,300.0,"{""type"":""MultiPoint"",""coordinates"":[]}"
35_0,154.0,"{""type"":""MultiPoint"",""coordinates"":[]}"
36_0,228.0,"{""type"":""MultiPoint"",""coordinates"":[]}"
37_0,144.66666666666666,"{""type"":""MultiPoint"",""coordinates"":[]}"
38_0,219.33333333333334,"{""type"":""MultiPoint"",""coordinates"":[]}"
39_0,187.0,"{""type"":""MultiPoint"",""coordinates"":[]}"
40_0,291.6666666666667,"{""type"":""MultiPoint"",""coordinates"":[]}"
41_0,292.0,"{""type"":""MultiPoint"",""coordinates"":[]}"
42_0,279.3333333333333,"{""type"":""MultiPoint"",""coordinates"":[]}"
43_0,285.3333333333333,"{""type"":""MultiPoint"",""coordinates"":[]}"
44_0,286.3333333333333,"{""type"":""MultiPoint"",""coordinates"":[]}"
45_0,239.66666666666666,"{""type"":""MultiPoint"",""coordinates"":[]}"
46_0,268.6666666666667,"{""type"":""MultiPoint"",""coordinates"":[]}"
47_0,222.33333333333334,"{""type"":""MultiPoint"",""coordinates"":[]}"
48_0,266.6666666666667,"{""type"":""MultiPoint"",""coordinates"":[]}"
49_0,301.0,"{""type"":""MultiPoint"",""coordinates"":[]}"
50_0,228.0,"{""type"":""MultiPoint"",""coordinates"":[]}"
51_0,210.66666666666666,"{""type"":""MultiPoint"",""coordinates"":[]}"
52_0,176.66666666666666,"{""type"":""MultiPoint"",""coordinates"":[]}"
53_0,174.66666666666666,"{""type"":""MultiPoint"",""coordinates"":[]}"
54_0,189.0,"{""type"":""MultiPoint"",""coordinates"":[]}"
55_0,326.0,"{""type"":""MultiPoint"",""coordinates"":[]}"
56_0,226.0,"{""type"":""MultiPoint"",""coordinates"":[]}"
57_0,155.33333333333334,"{""type"":""MultiPoint"",""coordinates"":[]}"
58_0,238.66666666666666,"{""type"":""MultiPoint"",""coordinates"":[]}"
59_0,312.3333333333333,"{""type"":""MultiPoint"",""coordinates"":[]}"
60_0,154.33333333333334,"{""type"":""MultiPoint"",""coordinates"":[]}"
61_0,325.6666666666667,"{""type"":""MultiPoint"",""coordinates"":[]}"
62_0,226.0,"{""type"":""MultiPoint"",""coordinates"":[]}"
63_0,209.0,"{""type"":""MultiPoint"",""coordinates"":[]}"
64_0,330.6666666666667,"{""type"":""MultiPoint"",""coordinates"":[]}"
65_0,325.3333333333333,"{""type"":""MultiPoint"",""coordinates"":[]}"
66_0,265.6666666666667,"{""type"":""MultiPoint"",""coordinates"":[]}"
67_0,226.66666666666666,"{""type"":""MultiPoint"",""coordinates"":[]}"
68_0,236.33333333333334,"{""type"":""MultiPoint"",""coordinates"":[]}"
69_0,254.33333333333334,"{""type"":""MultiPoint"",""coordinates"":[]}"
70_0,249.66666666666666,"{""type"":""MultiPoint"",""coordinates"":[]}"
71_0,251.66666666666666,"{""type"":""MultiPoint"",""coordinates"":[]}"
72_0,140.66666666666666,"{""type"":""MultiPoint"",""coordinates"":[]}"
73_0,166.33333333333334,"{""type"":""MultiPoint"",""coordinates"":[]}"
74_0,192.0,"{""type"":""MultiPoint"",""coordinates"":[]}"
75_0,311.6666666666667,"{""type"":""MultiPoint"",""coordinates"":[]}"
76_0,300.0,"{""type"":""MultiPoint"",""coordinates"":[]}"
77_0,186.66666666666666,"{""type"":""MultiPoint"",""coordinates"":[]}"
78_0,202.33333333333334,"{""type"":""MultiPoint"",""coordinates"":[]}"
79_0,263.3333333333333,"{""type"":""MultiPoint"",""coordinates"":[]}"
80_0,254.33333333333334,"{""type"":""MultiPoint"",""coordinates"":[]}"
81_0,270.6666666666667,"{""type"":""MultiPoint"",""coordinates"":[]}"
82_0,269.0,"{""type"":""MultiPoint"",""coordinates"":[]}"
83_0,262.3333333333333,"{""type"":""MultiPoint"",""coordinates"":[]}"
84_0,265.6666666666667,"{""type"":""MultiPoint"",""coordinates"":[]}"
85_0,218.66666666666666,"{""type"":""MultiPoint"",""coordinates"":[]}"
86_0,137.0,"{""type"":""MultiPoint"",""coordinates"":[]}"
87_0,292.3333333333333,"{""type"":""MultiPoint"",""coordinates"":[]}"
88_0,264.3333333333333,"{""type"":""MultiPoint"",""coordinates"":[]}"
89_0,243.66666666666666,"{""type"":""MultiPoint"",""coordinates"":[]}"
90_0,276.3333333333333,"{""type"":""MultiPoint"",""coordinates"":[]}"
91_0,235.66666666666666,"{""type"":""MultiPoint"",""coordinates"":[]}"
92_0,158.33333333333334,"{""type"":""MultiPoint"",""coordinates"":[]}"
93_0,193.0,"{""type"":""MultiPoint"",""coordinates"":[]}"
94_0,308.0,"{""type"":""MultiPoint"",""coordinates"":[]}"
95_0,144.33333333333334,"{""type"":""MultiPoint"",""coordinates"":[]}"
96_0,282.3333333333333,"{""type"":""MultiPoint"",""coordinates"":[]}"
97_0,302.3333333333333,"{""type"":""MultiPoint"",""coordinates"":[]}"
98_0,253.33333333333334,"{""type"":""MultiPoint"",""coordinates"":[]}"
99_0,318.6666666666667,"{""type"":""MultiPoint"",""coordinates"":[]}"
100_0,287.0,"{""type"":""MultiPoint"",""coordinates"":[]}"
101_0,275.6666666666667,"{""type"":""MultiPoint"",""coordinates"":[]}"
102_0,239.66666666666666,"{""type"":""MultiPoint"",""coordinates"":[]}"
103_0,237.0,"{""type"":""MultiPoint"",""coordinates"":[]}"
104_0,236.0,"{""type"":""MultiPoint"",""coordinates"":[]}"
105_0,273.3333333333333,"{""type"":""MultiPoint"",""coordinates"":[]}"
106_0,234.0,"{""type"":""MultiPoint"",""coordinates"":[]}"
107_0,282.0,"{""type"":""MultiPoint"",""coordinates"":[]}"
108_0,147.66666666666666,"{""type"":""MultiPoint"",""coordinates"":[]}"
109_0,170.33333333333334,"{""type"":""MultiPoint"",""coordinates"":[]}"
110_0,319.3333333333333,"{""type"":""MultiPoint"",""coordinates"":[]}"
111_0,192.66666666666666,"{""type"":""MultiPoint"",""coordinates"":[]}"
112_0,232.33333333333334,"{""type"":""MultiPoint"",""coordinates"":[]}"
113_0,252.0,"{""type"":""MultiPoint"",""coordinates"":[]}"
114_0,290.6666666666667,"{""type"":""MultiPoint"",""coordinates"":[]}"
115_0,210.66666666666666,"{""type"":""MultiPoint"",""coordinates"":[]}"
116_0,291.6666666666667,"{""type"":""MultiPoint"",""coordinates"":[]}"
117_0,239.0,"{""type"":""MultiPoint"",""coordinates"":[]}"
118_0,252.0,"{""type"":""MultiPoint"",""coordinates"":[]}"
119_0,194.66666666666666,"{""type"":""MultiPoint"",""coordinates"":[]}"
120_0,326.3333333333333,"{""type"":""MultiPoint"",""coordinates"":[]}"
121_0,257.3333333333333,"{""type"":""MultiPoint"",""coordinates"":[]}"
122_0,140.33333333333334,"{""type"":""MultiPoint"",""coordinates"":[]}"
123_0,310.6666666666667,"{""type"":""MultiPoint"",""coordinates"":[]}"
124_0,172.0,"{""type"":""MultiPoint"",""coordinates"":[]}"
125_0,223.33333333333334,"{""type"":""MultiPoint"",""coordinates"":[]}"
126_0,151.0,"{""type"":""MultiPoint"",""coordinates"":[]}"
127_0,304.0,"{""type"":""MultiPoint"",""coordinates"":[]}"
128_0,287.6666666666667,"{""type"":""MultiPoint"",""coordinates"":[]}"
129_0,315.6666666666667,"{""type"":""MultiPoint"",""coordinates"":[]}"
130_0,311.0,"{""type"":""MultiPoint"",""coordinates"":[]}"
131_0,145.66666666666666,"{""type"":""MultiPoint"",""coordinates"":[]}"
132_0,319.0,"{""type"":""MultiPoint"",""coordinates"":[]}"
133_0,236.66666666666666,"{""type"":""MultiPoint"",""coordinates"":[]}"
134_0,218.33333333333334,"{""type"":""MultiPoint"",""coordinates"":[]}"
135_0,282.0,"{""type"":""MultiPoint"",""coordinates"":[]}"
136_0,126.33333333333333,"{""type"":""MultiPoint"",""coordinates"":[]}"
137_0,153.33333333333334,"{""type"":""MultiPoint"",""coordinates"":[]}"
138_0,243.33333333333334,"{""type"":""MultiPoint"",""coordinates"":[]}"
139_0,322.3333333333333,"{""type"":""MultiPoint"",""coordinates"":[]}"
140_0,251.33333333333334,"{""type"":""MultiPoint"",""coordinates"":[]}"
141_0,298.0,"{""type"":""MultiPoint"",""coordinates"":[]}"
142_0,304.0,"{""type"":""MultiPoint"",""coordinates"":[]}"
143_0,312.0,"{""type"":""MultiPoint"",""coordinates"":[]}"
144_0,156.33333333333334,"{""type"":""MultiPoint"",""coordinates"":[]}"
145_0,149.0,"{""type"":""MultiPoint"",""coordinates"":[]}"
146_0,241.66666666666666,"{""type"":""MultiPoint"",""coordinates"":[]}"
147_0,238.0,"{""type"":""MultiPoint"",""coordinates"":[]}"
148_0,278.0,"{""type"":""MultiPoint"",""coordinates"":[]}"
149_0,203.66666666666666,"{""type"":""MultiPoint"",""coordinates"":[]}"
150_0,198.33333333333334,"{""type"":""MultiPoint"",""coordinates"":[]}"
151_0,270.0,"{""type"":""MultiPoint"",""coordinates"":[]}"
152_0,144.33333333333334,"{""type"":""MultiPoint"",""coordinates"":[]}"
153_0,256.0,"{""type"":""MultiPoint"",""coordinates"":[]}"
154_0,234.0,"{""type"":""MultiPoint"",""coordinates"":[]}"
155_0,157.66666666666666,"{""type"":""MultiPoint"",""coordinates"":[]}"
156_0,215.33333333333334,"{""type"":""MultiPoint"",""coordinates"":[]}"
157_0,270.3333333333333,"{""type"":""MultiPoint"",""coordinates"":[]}"
158_0,229.0,"{""type"":""MultiPoint"",""coordinates"":[]}"
159_0,277.6666666666667,"{""type"":""MultiPoint"",""coordinates"":[]}"
160_0,250.0,"{""type"":""MultiPoint"",""coordinates"":[]}"
161_0,252.0,"{""type"":""MultiPoint"",""coordinates"":[]}"
162_0,293.0,"{""type"":""MultiPoint"",""coordinates"":[]}"
163_0,261.3333333333333,"{""type"":""MultiPoint"",""coordinates"":[]}"
164_0,207.0,"{""type"":""MultiPoint"",""coordinates"":[]}"
165_0,153.66666666666666,"{""type"":""MultiPoint"",""coordinates"":[]}"
166_0,195.66666666666666,"{""type"":""MultiPoint"",""coordinates"":[]}"
167_0,317.6666666666667,"{""type"":""MultiPoint"",""coordinates"":[]}"
168_0,241.0,"{""type"":""MultiPoint"",""coordinates"":[]}"
169_0,191.33333333333334,"{""type"":""MultiPoint"",""coordinates"":[]}"
170_0,176.0,"{""type"":""MultiPoint"",""coordinates"":[]}"
171_0,277.3333333333333,"{""type"":""MultiPoint"",""coordinates"":[]}"
172_0,225.0,"{""type"":""MultiPoint"",""coordinates"":[]}"
173_0,223.0,"{""type"":""MultiPoint"",""coordinates"":[]}"
174_0,226.0,"{""type"":""MultiPoint"",""coordinates"":[]}"
175_0,176.33333333333334,"{""type"":""MultiPoint"",""coordinates"":[]}"
176_0,237.33333333333334,"{""type"":""MultiPoint"",""coordinates"":[]}"
177_0,208.0,"{""type"":""MultiPoint"",""coordinates"":[]}"
178_0,221.66666666666666,"{""type"":""MultiPoint"",""coordinates"":[]}"
179_0,199.0,"{""type"":""MultiPoint"",""coordinates"":[]}"
180_0,277.0,"{""type"":""MultiPoint"",""coordinates"":[]}"
181_0,240.33333333333334,"{""type"":""MultiPoint"",""coordinates"":[]}"
182_0,150.0,"{""type"":""MultiPoint"",""coordinates"":[]}"
183_0,292.6666666666667,"{""type"":""MultiPoint"",""coordinates"":[]}"
184_0,158.33333333333334,"{""type"":""MultiPoint"",""coordinates"":[]}"
185_0,216.0,"{""type"":""MultiPoint"",""coordinates"":[]}"
186_0,276.6666666666667,"{""type"":""MultiPoint"",""coordinates"":[]}"
187_0,269.6666666666667,"{""type"":""MultiPoint"",""coordinates"":[]}"
188_0,171.66666666666666,"{""type"":""MultiPoint"",""coordinates"":[]}"
189_0,254.33333333333334,"{""type"":""MultiPoint"",""coordinates"":[]}"
190_0,300.6666666666667,"{""type"":""MultiPoint"",""coordinates"":[]}"
191_0,243.0,"{""type"":""MultiPoint"",""coordinates"":[]}"
192_0,225.33333333333334,"{""type"":""MultiPoint"",""coordinates"":[]}"
193_0,290.6666666666667,"{""type"":""MultiPoint"",""coordinates"":[]}"
194_0,315.3333333333333,"{""type"":""MultiPoint"",""coordinates"":[]}"
195_0,220.0,"{""type"":""MultiPoint"",""coordinates"":[]}"
196_0,232.66666666666666,"{""type"":""MultiPoint"",""coordinates"":[]}"
197_0,175.0,"{""type"":""MultiPoint"",""coordinates"":[]}"
198_0,208.33333333333334,"{""type"":""MultiPoint"",""coordinates"":[]}"
199_0,280.3333333333333,"{""type"":""MultiPoint"",""coordinates"":[]}"
200_0,209.33333333333334,"{""type"":""MultiPoint"",""coordinates"":[]}"
201_0,252.0,"{""type"":""MultiPoint"",""coordinates"":[]}"
202_0,247.0,"{""type"":""MultiPoint"",""coordinates"":[]}"
203_0,212.33333333333334,"{""type"":""MultiPoint"",""coordinates"":[]}"
204_0,158.0,"{""type"":""MultiPoint"",""coordinates"":[]}"
205_0,276.6666666666667,"{""type"":""MultiPoint"",""coordinates"":[]}"
206_0,191.33333333333334,"{""type"":""MultiPoint"",""coordinates"":[]}"
207_0,146.33333333333334,"{""type"":""MultiPoint"",""coordinates"":[]}"
208_0,140.0,"{""type"":""MultiPoint"",""coordinates"":[]}"
209_0,265.6666666666667,"{""type"":""MultiPoint"",""coordinates"":[]}"
210_0,250.66666666666666,"{""type"":""MultiPoint"",""coordinates"":[]}"
211_0,295.6666666666667,"{""type"":""MultiPoint"",""coordinates"":[]}"
212_0,324.3333333333333,"{""type"":""MultiPoint"",""coordinates"":[]}"
213_0,230.0,"{""type"":""MultiPoint"",""coordinates"":[]}"
214_0,320.0,"{""type"":""MultiPoint"",""coordinates"":[]}"
215_0,202.33333333333334,"{""type"":""MultiPoint"",""coordinates"":[]}"
216_0,241.33333333333334,"{""type"":""MultiPoint"",""coordinates"":[]}"
217_0,296.3333333333333,"{""type"":""MultiPoint"",""coordinates"":[]}"
218_0,274.3333333333333,"{""type"":""MultiPoint"",""coordinates"":[]}"
219_0,227.33333333333334,"{""type"":""MultiPoint"",""coordinates"":[]}"
220_0,213.66666666666666,"{""type"":""MultiPoint"",""coordinates"":[]}"
221_0,250.0,"{""type"":""MultiPoint"",""coordinates"":[]}"
222_0,280.3333333333333,"{""type"":""MultiPoint"",""coordinates"":[]}"
223_0,225.66666666666666,"{""type"":""MultiPoint"",""coordinates"":[]}"
224_0,259.0,"{""type"":""MultiPoint"",""coordinates"":[]}"
225_0,289.0,"{""type"":""MultiPoint"",""coordinates"":[]}"
226_0,276.3333333333333,"{""type"":""MultiPoint"",""coordinates"":[]}"
227_0,280.0,"{""type"":""MultiPoint"",""coordinates"":[]}"
228_0,304.0,"{""type"":""MultiPoint"",""coordinates"":[]}"
229_0,184.66666666666666,"{""type"":""MultiPoint"",""coordinates"":[]}"
230_0,188.66666666666666,"{""type"":""MultiPoint"",""coordinates"":[]}"
231_0,305.0,"{""type"":""MultiPoint"",""coordinates"":[]}"
232_0,238.0,"{""type"":""MultiPoint"",""coordinates"":[]}"
233_0,220.0,"{""type"":""MultiPoint"",""coordinates"":[]}"
234_0,189.0,"{""type"":""MultiPoint"",""coordinates"":[]}"
235_0,301.3333333333333,"{""type"":""MultiPoint"",""coordinates"":[]}"
236_0,207.33333333333334,"{""type"":""MultiPoint"",""coordinates"":[]}"
237_0,286.6666666666667,"{""type"":""MultiPoint"",""coordinates"":[]}"
238_0,188.0,"{""type"":""MultiPoint"",""coordinates"":[]}"
239_0,139.0,"{""type"":""MultiPoint"",""coordinates"":[]}"
240_0,267.0,"{""type"":""MultiPoint"",""coordinates"":[]}"
241_0,256.6666666666667,"{""type"":""MultiPoint"",""coordinates"":[]}"
242_0,318.0,"{""type"":""MultiPoint"",""coordinates"":[]}"
243_0,263.6666666666667,"{""type"":""MultiPoint"",""coordinates"":[]}"
244_0,324.3333333333333,"{""type"":""MultiPoint"",""coordinates"":[]}"
245_0,193.33333333333334,"{""type"":""MultiPoint"",""coordinates"":[]}"
246_0,303.0,"{""type"":""MultiPoint"",""coordinates"":[]}"
247_0,274.6666666666667,"{""type"":""MultiPoint"",""coordinates"":[]}"
248_0,250.0,"{""type"":""MultiPoint"",""coordinates"":[]}"
249_0,268.0,"{""type"":""MultiPoint"",""coordinates"":[]}"
250_0,250.66666666666666,"{""type"":""MultiPoint"",""coordinates"":[]}"
251_0,323.0,"{""type"":""MultiPoint"",""coordinates"":[]}"
252_0,280.0,"{""type"":""MultiPoint"",""coordinates"":[]}"
253_0,266.3333333333333,"{""type"":""MultiPoint"",""coordinates"":[]}"
254_0,234.66666666666666,"{""type"":""MultiPoint"",""coordinates"":[]}"
255_0,284.6666666666667,"{""type"":""MultiPoint"",""coordinates"":[]}"
256_0,263.3333333333333,"{""type"":""MultiPoint"",""coordinates"":[]}"
257_0,153.0,"{""type"":""MultiPoint"",""coordinates"":[]}"
258_0,212.33333333333334,"{""type"":""MultiPoint"",""coordinates"":[]}"
259_0,230.66666666666666,"{""type"":""MultiPoint"",""coordinates"":[]}"
260_0,241.0,"{""type"":""MultiPoint"",""coordinates"":[]}"
261_0,222.66666666666666,"{""type"":""MultiPoint"",""coordinates"":[]}"
262_0,277.3333333333333,"{""type"":""MultiPoint"",""coordinates"":[]}"
263_0,218.0,"{""type"":""MultiPoint"",""coordinates"":[]}"
264_0,181.33333333333334,"{""type"":""MultiPoint"",""coordinates"":[]}"
265_0,327.0,"{""type"":""MultiPoint"",""coordinates"":[]}"
266_0,187.0,"{""type"":""MultiPoint"",""coordinates"":[]}"
267_0,185.33333333333334,"{""type"":""MultiPoint"",""coordinates"":[]}"
268_0,277.0,"{""type"":""MultiPoint"",""coordinates"":[]}"
269_0,312.0,"{""type"":""MultiPoint"",""coordinates"":[]}"
270_0,181.66666666666666,"{""type"":""MultiPoint"",""coordinates"":[]}"
271_0,306.3333333333333,"{""type"":""MultiPoint"",""coordinates"":[]}"
272_0,196.66666666666666,"{""type"":""MultiPoint"",""coordinates"":[]}"
273_0,328.0,"{""type"":""MultiPoint"",""coordinates"":[]}"
274_0,252.0,"{""type"":""MultiPoint"",""coordinates"":[]}"
275_0,285.0,"{""type"":""MultiPoint"",""coordinates"":[]}"
276_0,292.6666666666667,"{""type"":""MultiPoint"",""coordinates"":[]}"
277_0,260.3333333333333,"{""type"":""MultiPoint"",""coordinates"":[]}"
278_0,229.66666666666666,"{""type"":""MultiPoint"",""coordinates"":[]}"
279_0,276.3333333333333,"{""type"":""MultiPoint"",""coordinates"":[]}"
280_0,218.0,"{""type"":""MultiPoint"",""coordinates"":[]}"
281_0,257.6666666666667,"{""type"":""MultiPoint"",""coordinates"":[]}"
282_0,214.66666666666666,"{""type"":""MultiPoint"",""coordinates"":[]}"
283_0,258.3333333333333,"{""type"":""MultiPoint"",""coordinates"":[]}"
284_0,279.0,"{""type"":""MultiPoint"",""coordinates"":[]}"
285_0,282.0,"{""type"":""MultiPoint"",""coordinates"":[]}"
286_0,326.3333333333333,"{""type"":""MultiPoint"",""coordinates"":[]}"
287_0,307.3333333333333,"{""type"":""MultiPoint"",""coordinates"":[]}"
289_0,311.6666666666667,"{""type"":""MultiPoint"",""coordinates"":[]}"
290_0,270.0,"{""type"":""MultiPoint"",""coordinates"":[]}"
291_0,307.0,"{""type"":""MultiPoint"",""coordinates"":[]}"
292_0,228.33333333333334,"{""type"":""MultiPoint"",""coordinates"":[]}"
293_0,294.0,"{""type"":""MultiPoint"",""coordinates"":[]}"
294_0,263.6666666666667,"{""type"":""MultiPoint"",""coordinates"":[]}"
295_0,286.6666666666667,"{""type"":""MultiPoint"",""coordinates"":[]}"
296_0,308.3333333333333,"{""type"":""MultiPoint"",""coordinates"":[]}"
297_0,202.66666666666666,"{""type"":""MultiPoint"",""coordinates"":[]}"
298_0,223.0,"{""type"":""MultiPoint"",""coordinates"":[]}"
299_0,149.33333333333334,"{""type"":""MultiPoint"",""coordinates"":[]}"
300_0,218.0,"{""type"":""MultiPoint"",""coordinates"":[]}"
301_0,223.0,"{""type"":""MultiPoint"",""coordinates"":[]}"
302_0,233.66666666666666,"{""type"":""MultiPoint"",""coordinates"":[]}"
303_0,143.66666666666666,"{""type"":""MultiPoint"",""coordinates"":[]}"
304_0,303.0,"{""type"":""MultiPoint"",""coordinates"":[]}"
305_0,262.6666666666667,"{""type"":""MultiPoint"",""coordinates"":[]}"
306_0,285.0,"{""type"":""MultiPoint"",""coordinates"":[]}"
307_0,282.6666666666667,"{""type"":""MultiPoint"",""coordinates"":[]}"
308_0,223.66666666666666,"{""type"":""MultiPoint"",""coordinates"":[]}"
309_0,215.33333333333334,"{""type"":""MultiPoint"",""coordinates"":[]}"
310_0,192.33333333333334,"{""type"":""MultiPoint"",""coordinates"":[]}"
311_0,274.6666666666667,"{""type"":""MultiPoint"",""coordinates"":[]}"
312_0,310.6666666666667,"{""type"":""MultiPoint"",""coordinates"":[]}"
313_0,318.0,"{""type"":""MultiPoint"",""coordinates"":[]}"
314_0,209.66666666666666,"{""type"":""MultiPoint"",""coordinates"":[]}"
315_0,286.6666666666667,"{""type"":""MultiPoint"",""coordinates"":[]}"
316_0,301.3333333333333,"{""type"":""MultiPoint"",""coordinates"":[]}"
317_0,199.66666666666666,"{""type"":""MultiPoint"",""coordinates"":[]}"
318_0,214.66666666666666,"{""type"":""MultiPoint"",""coordinates"":[]}"
319_0,275.6666666666667,"{""type"":""MultiPoint"",""coordinates"":[]}"
320_0,326.6666666666667,"{""type"":""MultiPoint"",""coordinates"":[]}"
321_0,296.6666666666667,"{""type"":""MultiPoint"",""coordinates"":[]}"
322_0,200.33333333333334,"{""type"":""MultiPoint"",""coordinates"":[]}"
323_0,278.0,"{""type"":""MultiPoint"",""coordinates"":[]}"
324_0,281.0,"{""type"":""MultiPoint"",""coordinates"":[]}"
325_0,226.0,"{""type"":""MultiPoint"",""coordinates"":[]}"
326_0,287.6666666666667,"{""type"":""MultiPoint"",""coordinates"":[]}"
327_0,224.33333333333334,"{""type"":""MultiPoint"",""coordinates"":[]}"
328_0,293.6666666666667,"{""type"":""MultiPoint"",""coordinates"":[]}"
329_0,284.6666666666667,"{""type"":""MultiPoint"",""coordinates"":[]}"
330_0,207.33333333333334,"{""type"":""MultiPoint"",""coordinates"":[]}"
331_0,305.6666666666667,"{""type"":""MultiPoint"",""coordinates"":[]}"
332_0,246.0,"{""type"":""MultiPoint"",""coordinates"":[]}"
333_0,301.6666666666667,"{""type"":""MultiPoint"",""coordinates"":[]}"
334_0,155.33333333333334,"{""type"":""MultiPoint"",""coordinates"":[]}"
335_0,223.66666666666666,"{""type"":""MultiPoint"",""coordinates"":[]}"
336_0,232.0,"{""type"":""MultiPoint"",""coordinates"":[]}"
337_0,157.66666666666666,"{""type"":""MultiPoint"",""coordinates"":[]}"
338_0,266.3333333333333,"{""type"":""MultiPoint"",""coordinates"":[]}"
339_0,285.3333333333333,"{""type"":""MultiPoint"",""coordinates"":[]}"
340_0,281.0,"{""type"":""MultiPoint"",""coordinates"":[]}"
341_0,253.33333333333334,"{""type"":""MultiPoint"",""coordinates"":[]}"
342_0,301.3333333333333,"{""type"":""MultiPoint"",""coordinates"":[]}"
343_0,286.0,"{""type"":""MultiPoint"",""coordinates"":[]}"
344_0,208.0,"{""type"":""MultiPoint"",""coordinates"":[]}"
345_0,201.66666666666666,"{""type"":""MultiPoint"",""coordinates"":[]}"
346_0,207.33333333333334,"{""type"":""MultiPoint"",""coordinates"":[]}"
347_0,280.6666666666667,"{""type"":""MultiPoint"",""coordinates"":[]}"
348_0,144.66666666666666,"{""type"":""MultiPoint"",""coordinates"":[]}"
349_0,198.66666666666666,"{""type"":""MultiPoint"",""coordinates"":[]}"
350_0,203.66666666666666,"{""type"":""MultiPoint"",""coordinates"":[]}"
351_0,286.0,"{""type"":""MultiPoint"",""coordinates"":[]}"
352_0,156.0,"{""type"":""MultiPoint"",""coordinates"":[]}"
353_0,266.0,"{""type"":""MultiPoint"",""coordinates"":[]}"
354_0,223.33333333333334,"{""type"":""MultiPoint"",""coordinates"":[]}"
355_0,316.6666666666667,"{""type"":""MultiPoint"",""coordinates"":[]}"
356_0,146.33333333333334,"{""type"":""MultiPoint"",""coordinates"":[]}"
357_0,283.3333333333333,"{""type"":""MultiPoint"",""coordinates"":[]}"
358_0,245.33333333333334,"{""type"":""MultiPoint"",""coordinates"":[]}"
359_0,303.0,"{""type"":""MultiPoint"",""coordinates"":[]}"
360_0,232.66666666666666,"{""type"":""MultiPoint"",""coordinates"":[]}"
361_0,232.33333333333334,"{""type"":""MultiPoint"",""coordinates"":[]}"
362_0,240.0,"{""type"":""MultiPoint"",""coordinates"":[]}"
363_0,275.6666666666667,"{""type"":""MultiPoint"",""coordinates"":[]}"
364_0,243.33333333333334,"{""type"":""MultiPoint"",""coordinates"":[]}"
365_0,190.0,"{""type"":""MultiPoint"",""coordinates"":[]}"
366_0,230.0,"{""type"":""MultiPoint"",""coordinates"":[]}"
367_0,263.0,"{""type"":""MultiPoint"",""coordinates"":[]}"
368_0,135.0,"{""type"":""MultiPoint"",""coordinates"":[]}"
369_0,306.6666666666667,"{""type"":""MultiPoint"",""coordinates"":[]}"
370_0,288.3333333333333,"{""type"":""MultiPoint"",""coordinates"":[]}"
371_0,189.66666666666666,"{""type"":""MultiPoint"",""coordinates"":[]}"
372_0,302.0,"{""type"":""MultiPoint"",""coordinates"":[]}"
373_0,266.3333333333333,"{""type"":""MultiPoint"",""coordinates"":[]}"
374_0,219.0,"{""type"":""MultiPoint"",""coordinates"":[]}"
375_0,286.6666666666667,"{""type"":""MultiPoint"",""coordinates"":[]}"
376_0,301.0,"{""type"":""MultiPoint"",""coordinates"":[]}"
377_0,304.6666666666667,"{""type"":""MultiPoint"",""coordinates"":[]}"
378_0,282.0,"{""type"":""MultiPoint"",""coordinates"":[]}"
379_0,315.0,"{""type"":""MultiPoint"",""coordinates"":[]}"
380_0,184.66666666666666,"{""type"":""MultiPoint"",""coordinates"":[]}"
381_0,253.66666666666666,"{""type"":""MultiPoint"",""coordinates"":[]}"
382_0,239.66666666666666,"{""type"":""MultiPoint"",""coordinates"":[]}"
383_0,145.33333333333334,"{""type"":""MultiPoint"",""coordinates"":[]}"
384_0,318.3333333333333,"{""type"":""MultiPoint"",""coordinates"":[]}"
385_0,304.0,"{""type"":""MultiPoint"",""coordinates"":[]}"
386_0,258.6666666666667,"{""type"":""MultiPoint"",""coordinates"":[]}"
387_0,272.3333333333333,"{""type"":""MultiPoint"",""coordinates"":[]}"
388_0,324.6666666666667,"{""type"":""MultiPoint"",""coordinates"":[]}"
389_0,234.33333333333334,"{""type"":""MultiPoint"",""coordinates"":[]}"
390_0,242.0,"{""type"":""MultiPoint"",""coordinates"":[]}"
391_0,229.33333333333334,"{""type"":""MultiPoint"",""coordinates"":[]}"
392_0,243.0,"{""type"":""MultiPoint"",""coordinates"":[]}"
393_0,232.33333333333334,"{""type"":""MultiPoint"",""coordinates"":[]}"
394_0,185.0,"{""type"":""MultiPoint"",""coordinates"":[]}"
395_0,206.66666666666666,"{""type"":""MultiPoint"",""coordinates"":[]}"
396_0,241.0,"{""type"":""MultiPoint"",""coordinates"":[]}"
397_0,266.3333333333333,"{""type"":""MultiPoint"",""coordinates"":[]}"
398_0,219.66666666666666,"{""type"":""MultiPoint"",""coordinates"":[]}"
399_0,171.66666666666666,"{""type"":""MultiPoint"",""coordinates"":[]}"
400_0,291.6666666666667,"{""type"":""MultiPoint"",""coordinates"":[]}"
401_0,309.6666666666667,"{""type"":""MultiPoint"",""coordinates"":[]}"
402_0,235.0,"{""type"":""MultiPoint"",""coordinates"":[]}"
403_0,254.66666666666666,"{""type"":""MultiPoint"",""coordinates"":[]}"
404_0,322.6666666666667,"{""type"":""MultiPoint"",""coordinates"":[]}"
405_0,295.6666666666667,"{""type"":""MultiPoint"",""coordinates"":[]}"
406_0,302.0,"{""type"":""MultiPoint"",""coordinates"":[]}"
407_0,234.0,"{""type"":""MultiPoint"",""coordinates"":[]}"
408_0,248.33333333333334,"{""type"":""MultiPoint"",""coordinates"":[]}"
409_0,197.66666666666666,"{""type"":""MultiPoint"",""coordinates"":[]}"
410_0,227.33333333333334,"{""type"":""MultiPoint"",""coordinates"":[]}"
411_0,249.33333333333334,"{""type"":""MultiPoint"",""coordinates"":[]}"
412_0,168.66666666666666,"{""type"":""MultiPoint"",""coordinates"":[]}"
413_0,241.66666666666666,"{""type"":""MultiPoint"",""coordinates"":[]}"
414_0,143.0,"{""type"":""MultiPoint"",""coordinates"":[]}"
415_0,313.0,"{""type"":""MultiPoint"",""coordinates"":[]}"
416_0,305.3333333333333,"{""type"":""MultiPoint"",""coordinates"":[]}"
417_0,223.33333333333334,"{""type"":""MultiPoint"",""coordinates"":[]}"
418_0,169.66666666666666,"{""type"":""MultiPoint"",""coordinates"":[]}"
419_0,198.0,"{""type"":""MultiPoint"",""coordinates"":[]}"
420_0,214.33333333333334,"{""type"":""MultiPoint"",""coordinates"":[]}"
421_0,152.0,"{""type"":""MultiPoint"",""coordinates"":[]}"
422_0,283.6666666666667,"{""type"":""MultiPoint"",""coordinates"":[]}"
423_0,320.6666666666667,"{""type"":""MultiPoint"",""coordinates"":[]}"
424_0,274.3333333333333,"{""type"":""MultiPoint"",""coordinates"":[]}"
425_0,188.66666666666666,"{""type"":""MultiPoint"",""coordinates"":[]}"
426_0,169.33333333333334,"{""type"":""MultiPoint"",""coordinates"":[]}"
427_0,144.33333333333334,"{""type"":""MultiPoint"",""coordinates"":[]}"
428_0,211.33333333333334,"{""type"":""MultiPoint"",""coordinates"":[]}"
429_0,236.0,"{""type"":""MultiPoint"",""coordinates"":[]}"
430_0,256.0,"{""type"":""MultiPoint"",""coordinates"":[]}"
431_0,227.33333333333334,"{""type"":""MultiPoint"",""coordinates"":[]}"
432_0,235.33333333333334,"{""type"":""MultiPoint"",""coordinates"":[]}"
433_0,229.33333333333334,"{""type"":""MultiPoint"",""coordinates"":[]}"
434_0,306.0,"{""type"":""MultiPoint"",""coordinates"":[]}"
435_0,305.6666666666667,"{""type"":""MultiPoint"",""coordinates"":[]}"
436_0,248.66666666666666,"{""type"":""MultiPoint"",""coordinates"":[]}"
437_0,214.66666666666666,"{""type"":""MultiPoint"",""coordinates"":[]}"
438_0,185.0,"{""type"":""MultiPoint"",""coordinates"":[]}"
439_0,288.6666666666667,"{""type"":""MultiPoint"",""coordinates"":[]}"
440_0,236.33333333333334,"{""type"":""MultiPoint"",""coordinates"":[]}"
441_0,320.6666666666667,"{""type"":""MultiPoint"",""coordinates"":[]}"
442_0,208.66666666666666,"{""type"":""MultiPoint"",""coordinates"":[]}"
443_0,288.6666666666667,"{""type"":""MultiPoint"",""coordinates"":[]}"
444_0,207.0,"{""type"":""MultiPoint"",""coordinates"":[]}"
445_0,167.33333333333334,"{""type"":""MultiPoint"",""coordinates"":[]}"
446_0,174.0,"{""type"":""MultiPoint"",""coordinates"":[]}"
447_0,186.33333333333334,"{""type"":""MultiPoint"",""coordinates"":[]}"
448_0,267.3333333333333,"{""type"":""MultiPoint"",""coordinates"":[]}"
449_0,261.3333333333333,"{""type"":""MultiPoint"",""coordinates"":[]}"
450_0,321.0,"{""type"":""MultiPoint"",""coordinates"":[]}"
451_0,172.0,"{""type"":""MultiPoint"",""coordinates"":[]}"
452_0,310.3333333333333,"{""type"":""MultiPoint"",""coordinates"":[]}"
453_0,225.0,"{""type"":""MultiPoint"",""coordinates"":[]}"
454_0,127.0,"{""type"":""MultiPoint"",""coordinates"":[]}"
455_0,272.6666666666667,"{""type"":""MultiPoint"",""coordinates"":[]}"
456_0,186.33333333333334,"{""type"":""MultiPoint"",""coordinates"":[]}"
457_0,218.0,"{""type"":""MultiPoint"",""coordinates"":[]}"
458_0,213.66666666666666,"{""type"":""MultiPoint"",""coordinates"":[]}"
459_0,221.33333333333334,"{""type"":""MultiPoint"",""coordinates"":[]}"
460_0,244.0,"{""type"":""MultiPoint"",""coordinates"":[]}"
461_0,217.33333333333334,"{""type"":""MultiPoint"",""coordinates"":[]}"
462_0,302.6666666666667,"{""type"":""MultiPoint"",""coordinates"":[]}"
463_0,297.3333333333333,"{""type"":""MultiPoint"",""coordinates"":[]}"
464_0,211.0,"{""type"":""MultiPoint"",""coordinates"":[]}"
465_0,299.3333333333333,"{""type"":""MultiPoint"",""coordinates"":[]}"
466_0,300.3333333333333,"{""type"":""MultiPoint"",""coordinates"":[]}"
467_0,240.0,"{""type"":""MultiPoint"",""coordinates"":[]}"
468_0,340.6666666666667,"{""type"":""MultiPoint"",""coordinates"":[]}"
469_0,226.33333333333334,"{""type"":""MultiPoint"",""coordinates"":[]}"
470_0,219.66666666666666,"{""type"":""MultiPoint"",""coordinates"":[]}"
471_0,239.66666666666666,"{""type"":""MultiPoint"",""coordinates"":[]}"
472_0,325.6666666666667,"{""type"":""MultiPoint"",""coordinates"":[]}"
473_0,222.0,"{""type"":""MultiPoint"",""coordinates"":[]}"
474_0,265.3333333333333,"{""type"":""MultiPoint"",""coordinates"":[]}"
475_0,247.0,"{""type"":""MultiPoint"",""coordinates"":[]}"
476_0,256.6666666666667,"{""type"":""MultiPoint"",""coordinates"":[]}"
477_0,285.3333333333333,"{""type"":""MultiPoint"",""coordinates"":[]}"
478_0,323.6666666666667,"{""type"":""MultiPoint"",""coordinates"":[]}"
479_0,216.33333333333334,"{""type"":""MultiPoint"",""coordinates"":[]}"
480_0,171.66666666666666,"{""type"":""MultiPoint"",""coordinates"":[]}"
481_0,195.0,"{""type"":""MultiPoint"",""coordinates"":[]}"
482_0,316.0,"{""type"":""MultiPoint"",""coordinates"":[]}"
483_0,311.0,"{""type"":""MultiPoint"",""coordinates"":[]}"
484_0,329.0,"{""type"":""MultiPoint"",""coordinates"":[]}"
485_0,262.3333333333333,"{""type"":""MultiPoint"",""coordinates"":[]}"
486_0,210.33333333333334,"{""type"":""MultiPoint"",""coordinates"":[]}"
487_0,323.6666666666667,"{""type"":""MultiPoint"",""coordinates"":[]}"
488_0,219.33333333333334,"{""type"":""MultiPoint"",""coordinates"":[]}"
489_0,291.3333333333333,"{""type"":""MultiPoint"",""coordinates"":[]}"
490_0,283.3333333333333,"{""type"":""MultiPoint"",""coordinates"":[]}"
491_0,296.0,"{""type"":""MultiPoint"",""coordinates"":[]}"
492_0,235.0,"{""type"":""MultiPoint"",""coordinates"":[]}"
493_0,230.66666666666666,"{""type"":""MultiPoint"",""coordinates"":[]}"
494_0,216.33333333333334,"{""type"":""MultiPoint"",""coordinates"":[]}"
495_0,228.0,"{""type"":""MultiPoint"",""coordinates"":[]}"
496_0,235.0,"{""type"":""MultiPoint"",""coordinates"":[]}"
497_0,215.33333333333334,"{""type"":""MultiPoint"",""coordinates"":[]}"
498_0,239.33333333333334,"{""type"":""MultiPoint"",""coordinates"":[]}"
499_0,209.33333333333334,"{""type"":""MultiPoint"",""coordinates"":[]}"
500_0,233.66666666666666,"{""type"":""MultiPoint"",""coordinates"":[]}"
501_0,278.3333333333333,"{""type"":""MultiPoint"",""coordinates"":[]}"
502_0,292.3333333333333,"{""type"":""MultiPoint"",""coordinates"":[]}"
503_0,185.0,"{""type"":""MultiPoint"",""coordinates"":[]}"
504_0,299.0,"{""type"":""MultiPoint"",""coordinates"":[]}"
505_0,247.66666666666666,"{""type"":""MultiPoint"",""coordinates"":[]}"
506_0,226.0,"{""type"":""MultiPoint"",""coordinates"":[]}"
507_0,138.0,"{""type"":""MultiPoint"",""coordinates"":[]}"
508_0,221.33333333333334,"{""type"":""MultiPoint"",""coordinates"":[]}"
509_0,205.66666666666666,"{""type"":""MultiPoint"",""coordinates"":[]}"
510_0,324.0,"{""type"":""MultiPoint"",""coordinates"":[]}"
511_0,228.33333333333334,"{""type"":""MultiPoint"",""coordinates"":[]}"
512_0,311.3333333333333,"{""type"":""MultiPoint"",""coordinates"":[]}"
513_0,230.0,"{""type"":""MultiPoint"",""coordinates"":[]}"
514_0,290.3333333333333,"{""type"":""MultiPoint"",""coordinates"":[]}"
515_0,305.3333333333333,"{""type"":""MultiPoint"",""coordinates"":[]}"
516_0,321.0,"{""type"":""MultiPoint"",""coordinates"":[]}"
517_0,285.0,"{""type"":""MultiPoint"",""coordinates"":[]}"
518_0,277.3333333333333,"{""type"":""MultiPoint"",""coordinates"":[]}"
519_0,264.0,"{""type"":""MultiPoint"",""coordinates"":[]}"
520_0,168.33333333333334,"{""type"":""MultiPoint"",""coordinates"":[]}"
521_0,264.3333333333333,"{""type"":""MultiPoint"",""coordinates"":[]}"
522_0,248.0,"{""type"":""MultiPoint"",""coordinates"":[]}"
523_0,220.33333333333334,"{""type"":""MultiPoint"",""coordinates"":[]}"
524_0,287.0,"{""type"":""MultiPoint"",""coordinates"":[]}"
525_0,300.0,"{""type"":""MultiPoint"",""coordinates"":[]}"
526_0,130.66666666666666,"{""type"":""MultiPoint"",""coordinates"":[]}"
527_0,283.0,"{""type"":""MultiPoint"",""coordinates"":[]}"
528_0,244.66666666666666,"{""type"":""MultiPoint"",""coordinates"":[]}"
529_0,233.33333333333334,"{""type"":""MultiPoint"",""coordinates"":[]}"
530_0,282.6666666666667,"{""type"":""MultiPoint"",""coordinates"":[]}"
531_0,188.33333333333334,"{""type"":""MultiPoint"",""coordinates"":[]}"
532_0,198.33333333333334,"{""type"":""MultiPoint"",""coordinates"":[]}"
533_0,224.33333333333334,"{""type"":""MultiPoint"",""coordinates"":[]}"
534_0,242.0,"{""type"":""MultiPoint"",""coordinates"":[]}"
535_0,136.0,"{""type"":""MultiPoint"",""coordinates"":[]}"
536_0,298.0,"{""type"":""MultiPoint"",""coordinates"":[]}"
537_0,218.66666666666666,"{""type"":""MultiPoint"",""coordinates"":[]}"
538_0,324.3333333333333,"{""type"":""MultiPoint"",""coordinates"":[]}"
539_0,234.33333333333334,"{""type"":""MultiPoint"",""coordinates"":[]}"
540_0,243.66666666666666,"{""type"":""MultiPoint"",""coordinates"":[]}"
541_0,237.33333333333334,"{""type"":""MultiPoint"",""coordinates"":[]}"
542_0,297.6666666666667,"{""type"":""MultiPoint"",""coordinates"":[]}"
543_0,220.66666666666666,"{""type"":""MultiPoint"",""coordinates"":[]}"
544_0,130.33333333333334,"{""type"":""MultiPoint"",""coordinates"":[]}"
545_0,163.66666666666666,"{""type"":""MultiPoint"",""coordinates"":[]}"
546_0,216.0,"{""type"":""MultiPoint"",""coordinates"":[]}"
547_0,210.33333333333334,"{""type"":""MultiPoint"",""coordinates"":[]}"
548_0,312.0,"{""type"":""MultiPoint"",""coordinates"":[]}"
549_0,298.3333333333333,"{""type"":""MultiPoint"",""coordinates"":[]}"
550_0,225.66666666666666,"{""type"":""MultiPoint"",""coordinates"":[]}"
551_0,252.66666666666666,"{""type"":""MultiPoint"",""coordinates"":[]}"
552_0,297.6666666666667,"{""type"":""MultiPoint"",""coordinates"":[]}"
553_0,209.0,"{""type"":""MultiPoint"",""coordinates"":[]}"
554_0,210.66666666666666,"{""type"":""MultiPoint"",""coordinates"":[]}"
555_0,278.6666666666667,"{""type"":""MultiPoint"",""coordinates"":[]}"
556_0,327.6666666666667,"{""type"":""MultiPoint"",""coordinates"":[]}"
557_0,221.0,"{""type"":""MultiPoint"",""coordinates"":[]}"
558_0,297.0,"{""type"":""MultiPoint"",""coordinates"":[]}"
559_0,237.33333333333334,"{""type"":""MultiPoint"",""coordinates"":[]}"
560_0,231.0,"{""type"":""MultiPoint"",""coordinates"":[]}"
561_0,297.6666666666667,"{""type"":""MultiPoint"",""coordinates"":[]}"
562_0,285.3333333333333,"{""type"":""MultiPoint"",""coordinates"":[]}"
563_0,324.3333333333333,"{""type"":""MultiPoint"",""coordinates"":[]}"
564_0,242.0,"{""type"":""MultiPoint"",""coordinates"":[]}"
565_0,311.0,"{""type"":""MultiPoint"",""coordinates"":[]}"
566_0,233.66666666666666,"{""type"":""MultiPoint"",""coordinates"":[]}"
567_0,159.66666666666666,"{""type"":""MultiPoint"",""coordinates"":[]}"
568_0,317.3333333333333,"{""type"":""MultiPoint"",""coordinates"":[]}"
569_0,296.3333333333333,"{""type"":""MultiPoint"",""coordinates"":[]}"
570_0,139.33333333333334,"{""type"":""MultiPoint"",""coordinates"":[]}"
571_0,242.66666666666666,"{""type"":""MultiPoint"",""coordinates"":[]}"
572_0,263.3333333333333,"{""type"":""MultiPoint"",""coordinates"":[]}"
573_0,188.0,"{""type"":""MultiPoint"",""coordinates"":[]}"
574_0,183.66666666666666,"{""type"":""MultiPoint"",""coordinates"":[]}"
575_0,306.3333333333333,"{""type"":""MultiPoint"",""coordinates"":[]}"
576_0,227.66666666666666,"{""type"":""MultiPoint"",""coordinates"":[]}"
577_0,272.0,"{""type"":""MultiPoint"",""coordinates"":[]}"
578_0,165.33333333333334,"{""type"":""MultiPoint"",""coordinates"":[]}"
579_0,318.0,"{""type"":""MultiPoint"",""coordinates"":[]}"
580_0,236.0,"{""type"":""MultiPoint"",""coordinates"":[]}"
581_0,196.33333333333334,"{""type"":""MultiPoint"",""coordinates"":[]}"
582_0,297.6666666666667,"{""type"":""MultiPoint"",""coordinates"":[]}"
583_0,285.6666666666667,"{""type"":""MultiPoint"",""coordinates"":[]}"
584_0,293.0,"{""type"":""MultiPoint"",""coordinates"":[]}"
585_0,205.66666666666666,"{""type"":""MultiPoint"",""coordinates"":[]}"
586_0,190.66666666666666,"{""type"":""MultiPoint"",""coordinates"":[]}"
587_0,222.66666666666666,"{""type"":""MultiPoint"",""coordinates"":[]}"
588_0,298.0,"{""type"":""MultiPoint"",""coordinates"":[]}"
589_0,293.6666666666667,"{""type"":""MultiPoint"",""coordinates"":[]}"
590_0,214.66666666666666,"{""type"":""MultiPoint"",""coordinates"":[]}"
591_0,214.33333333333334,"{""type"":""MultiPoint"",""coordinates"":[]}"
592_0,169.0,"{""type"":""MultiPoint"",""coordinates"":[]}"
593_0,217.66666666666666,"{""type"":""MultiPoint"",""coordinates"":[]}"
594_0,263.3333333333333,"{""type"":""MultiPoint"",""coordinates"":[]}"
595_0,288.0,"{""type"":""MultiPoint"",""coordinates"":[]}"
596_0,308.6666666666667,"{""type"":""MultiPoint"",""coordinates"":[]}"
597_0,316.6666666666667,"{""type"":""MultiPoint"",""coordinates"":[]}"
598_0,251.0,"{""type"":""MultiPoint"",""coordinates"":[]}"
599_0,302.6666666666667,"{""type"":""MultiPoint"",""coordinates"":[]}"
600_0,213.33333333333334,"{""type"":""MultiPoint"",""coordinates"":[]}"
601_0,248.0,"{""type"":""MultiPoint"",""coordinates"":[]}"
602_0,223.0,"{""type"":""MultiPoint"",""coordinates"":[]}"
603_0,183.66666666666666,"{""type"":""MultiPoint"",""coordinates"":[]}"
604_0,241.33333333333334,"{""type"":""MultiPoint"",""coordinates"":[]}"
605_0,282.6666666666667,"{""type"":""MultiPoint"",""coordinates"":[]}"
606_0,259.0,"{""type"":""MultiPoint"",""coordinates"":[]}"
607_0,214.0,"{""type"":""MultiPoint"",""coordinates"":[]}"
608_0,309.3333333333333,"{""type"":""MultiPoint"",""coordinates"":[]}"
609_0,233.33333333333334,"{""type"":""MultiPoint"",""coordinates"":[]}"
610_0,298.6666666666667,"{""type"":""MultiPoint"",""coordinates"":[]}"
611_0,272.6666666666667,"{""type"":""MultiPoint"",""coordinates"":[]}"
612_0,274.6666666666667,"{""type"":""MultiPoint"",""coordinates"":[]}"
613_0,165.66666666666666,"{""type"":""MultiPoint"",""coordinates"":[]}"
614_0,298.0,"{""type"":""MultiPoint"",""coordinates"":[]}"
615_0,260.0,"{""type"":""MultiPoint"",""coordinates"":[]}"
616_0,284.0,"{""type"":""MultiPoint"",""coordinates"":[]}"
617_0,279.6666666666667,"{""type"":""MultiPoint"",""coordinates"":[]}"
618_0,261.3333333333333,"{""type"":""MultiPoint"",""coordinates"":[]}"
619_0,295.3333333333333,"{""type"":""MultiPoint"",""coordinates"":[]}"
620_0,173.66666666666666,"{""type"":""MultiPoint"",""coordinates"":[]}"
621_0,318.3333333333333,"{""type"":""MultiPoint"",""coordinates"":[]}"
622_0,280.0,"{""type"":""MultiPoint"",""coordinates"":[]}"
623_0,288.0,"{""type"":""MultiPoint"",""coordinates"":[]}"
624_0,255.0,"{""type"":""MultiPoint"",""coordinates"":[]}"
625_0,294.0,"{""type"":""MultiPoint"",""coordinates"":[]}"
626_0,156.0,"{""type"":""MultiPoint"",""coordinates"":[]}"
627_0,194.33333333333334,"{""type"":""MultiPoint"",""coordinates"":[]}"
628_0,285.3333333333333,"{""type"":""MultiPoint"",""coordinates"":[]}"
629_0,206.33333333333334,"{""type"":""MultiPoint"",""coordinates"":[]}"
630_0,218.33333333333334,"{""type"":""MultiPoint"",""coordinates"":[]}"
631_0,229.66666666666666,"{""type"":""MultiPoint"",""coordinates"":[]}"
632_0,265.3333333333333,"{""type"":""MultiPoint"",""coordinates"":[]}"
633_0,191.0,"{""type"":""MultiPoint"",""coordinates"":[]}"
634_0,238.66666666666666,"{""type"":""MultiPoint"",""coordinates"":[]}"
635_0,293.3333333333333,"{""type"":""MultiPoint"",""coordinates"":[]}"
636_0,317.3333333333333,"{""type"":""MultiPoint"",""coordinates"":[]}"
637_0,326.6666666666667,"{""type"":""MultiPoint"",""coordinates"":[]}"
638_0,148.66666666666666,"{""type"":""MultiPoint"",""coordinates"":[]}"
639_0,306.3333333333333,"{""type"":""MultiPoint"",""coordinates"":[]}"
640_0,245.66666666666666,"{""type"":""MultiPoint"",""coordinates"":[]}"
641_0,272.0,"{""type"":""MultiPoint"",""coordinates"":[]}"
642_0,223.66666666666666,"{""type"":""MultiPoint"",""coordinates"":[]}"
643_0,290.6666666666667,"{""type"":""MultiPoint"",""coordinates"":[]}"
644_0,188.66666666666666,"{""type"":""MultiPoint"",""coordinates"":[]}"
645_0,239.0,"{""type"":""MultiPoint"",""coordinates"":[]}"
646_0,256.0,"{""type"":""MultiPoint"",""coordinates"":[]}"
647_0,252.0,"{""type"":""MultiPoint"",""coordinates"":[]}"
648_0,311.0,"{""type"":""MultiPoint"",""coordinates"":[]}"
649_0,217.33333333333334,"{""type"":""MultiPoint"",""coordinates"":[]}"
650_0,208.33333333333334,"{""type"":""MultiPoint"",""coordinates"":[]}"
651_0,155.0,"{""type"":""MultiPoint"",""coordinates"":[]}"
652_0,302.6666666666667,"{""type"":""MultiPoint"",""coordinates"":[]}"
653_0,181.0,"{""type"":""MultiPoint"",""coordinates"":[]}"
654_0,212.33333333333334,"{""type"":""MultiPoint"",""coordinates"":[]}"
655_0,314.6666666666667,"{""type"":""MultiPoint"",""coordinates"":[]}"
656_0,212.66666666666666,"{""type"":""MultiPoint"",""coordinates"":[]}"
657_0,253.0,"{""type"":""MultiPoint"",""coordinates"":[]}"
658_0,164.0,"{""type"":""MultiPoint"",""coordinates"":[]}"
659_0,297.6666666666667,"{""type"":""MultiPoint"",""coordinates"":[]}"
660_0,181.0,"{""type"":""MultiPoint"",""coordinates"":[]}"
661_0,142.33333333333334,"{""type"":""MultiPoint"",""coordinates"":[]}"
662_0,318.6666666666667,"{""type"":""MultiPoint"",""coordinates"":[]}"
663_0,275.6666666666667,"{""type"":""MultiPoint"",""coordinates"":[]}"
664_0,216.33333333333334,"{""type"":""MultiPoint"",""coordinates"":[]}"
665_0,261.0,"{""type"":""MultiPoint"",""coordinates"":[]}"
666_0,146.0,"{""type"":""MultiPoint"",""coordinates"":[]}"
667_0,200.0,"{""type"":""MultiPoint"",""coordinates"":[]}"
668_0,199.0,"{""type"":""MultiPoint"",""coordinates"":[]}"
669_0,235.33333333333334,"{""type"":""MultiPoint"",""coordinates"":[]}"
670_0,162.33333333333334,"{""type"":""MultiPoint"",""coordinates"":[]}"
671_0,195.33333333333334,"{""type"":""MultiPoint"",""coordinates"":[]}"
672_0,259.3333333333333,"{""type"":""MultiPoint"",""coordinates"":[]}"
673_0,307.6666666666667,"{""type"":""MultiPoint"",""coordinates"":[]}"
674_0,179.33333333333334,"{""type"":""MultiPoint"",""coordinates"":[]}"
675_0,170.0,"{""type"":""MultiPoint"",""coordinates"":[]}"
676_0,287.6666666666667,"{""type"":""MultiPoint"",""coordinates"":[]}"
677_0,250.0,"{""type"":""MultiPoint"",""coordinates"":[]}"
678_0,270.0,"{""type"":""MultiPoint"",""coordinates"":[]}"
679_0,240.33333333333334,"{""type"":""MultiPoint"",""coordinates"":[]}"
680_0,194.0,"{""type"":""MultiPoint"",""coordinates"":[]}"
681_0,216.0,"{""type"":""MultiPoint"",""coordinates"":[]}"
682_0,179.33333333333334,"{""type"":""MultiPoint"",""coordinates"":[]}"
683_0,319.3333333333333,"{""type"":""MultiPoint"",""coordinates"":[]}"
684_0,151.33333333333334,"{""type"":""MultiPoint"",""coordinates"":[]}"
685_0,308.6666666666667,"{""type"":""MultiPoint"",""coordinates"":[]}"
686_0,225.0,"{""type"":""MultiPoint"",""coordinates"":[]}"
687_0,260.3333333333333,"{""type"":""MultiPoint"",""coordinates"":[]}"
688_0,298.3333333333333,"{""type"":""MultiPoint"",""coordinates"":[]}"
689_0,201.0,"{""type"":""MultiPoint"",""coordinates"":[]}"
690_0,211.33333333333334,"{""type"":""MultiPoint"",""coordinates"":[]}"
691_0,303.6666666666667,"{""type"":""MultiPoint"",""coordinates"":[]}"
692_0,188.0,"{""type"":""MultiPoint"",""coordinates"":[]}"
693_0,255.0,"{""type"":""MultiPoint"",""coordinates"":[]}"
694_0,302.3333333333333,"{""type"":""MultiPoint"",""coordinates"":[]}"
695_0,289.0,"{""type"":""MultiPoint"",""coordinates"":[]}"
696_0,303.6666666666667,"{""type"":""MultiPoint"",""coordinates"":[]}"
697_0,298.6666666666667,"{""type"":""MultiPoint"",""coordinates"":[]}"
698_0,201.0,"{""type"":""MultiPoint"",""coordinates"":[]}"
699_0,308.3333333333333,"{""type"":""MultiPoint"",""coordinates"":[]}"
700_0,236.0,"{""type"":""MultiPoint"",""coordinates"":[]}"
701_0,272.3333333333333,"{""type"":""MultiPoint"",""coordinates"":[]}"
702_0,233.66666666666666,"{""type"":""MultiPoint"",""coordinates"":[]}"
703_0,172.66666666666666,"{""type"":""MultiPoint"",""coordinates"":[]}"
704_0,278.6666666666667,"{""type"":""MultiPoint"",""coordinates"":[]}"
705_0,325.0,"{""type"":""MultiPoint"",""coordinates"":[]}"
706_0,197.66666666666666,"{""type"":""MultiPoint"",""coordinates"":[]}"
707_0,216.33333333333334,"{""type"":""MultiPoint"",""coordinates"":[]}"
708_0,301.6666666666667,"{""type"":""MultiPoint"",""coordinates"":[]}"
709_0,276.3333333333333,"{""type"":""MultiPoint"",""coordinates"":[]}"
710_0,319.0,"{""type"":""MultiPoint"",""coordinates"":[]}"
711_0,276.6666666666667,"{""type"":""MultiPoint"",""coordinates"":[]}"
712_0,285.3333333333333,"{""type"":""MultiPoint"",""coordinates"":[]}"
713_0,286.0,"{""type"":""MultiPoint"",""coordinates"":[]}"
714_0,311.3333333333333,"{""type"":""MultiPoint"",""coordinates"":[]}"
715_0,278.0,"{""type"":""MultiPoint"",""coordinates"":[]}"
716_0,199.66666666666666,"{""type"":""MultiPoint"",""coordinates"":[]}"
717_0,277.0,"{""type"":""MultiPoint"",""coordinates"":[]}"
718_0,296.3333333333333,"{""type"":""MultiPoint"",""coordinates"":[]}"
719_0,206.66666666666666,"{""type"":""MultiPoint"",""coordinates"":[]}"
720_0,298.3333333333333,"{""type"":""MultiPoint"",""coordinates"":[]}"
721_0,306.6666666666667,"{""type"":""MultiPoint"",""coordinates"":[]}"
722_0,272.6666666666667,"{""type"":""MultiPoint"",""coordinates"":[]}"
723_0,294.6666666666667,"{""type"":""MultiPoint"",""coordinates"":[]}"
724_0,196.0,"{""type"":""MultiPoint"",""coordinates"":[]}"
725_0,271.3333333333333,"{""type"":""MultiPoint"",""coordinates"":[]}"
726_0,177.66666666666666,"{""type"":""MultiPoint"",""coordinates"":[]}"
727_0,277.6666666666667,"{""type"":""MultiPoint"",""coordinates"":[]}"
728_0,254.0,"{""type"":""MultiPoint"",""coordinates"":[]}"
729_0,316.6666666666667,"{""type"":""MultiPoint"",""coordinates"":[]}"
730_0,291.6666666666667,"{""type"":""MultiPoint"",""coordinates"":[]}"
731_0,264.3333333333333,"{""type"":""MultiPoint"",""coordinates"":[]}"
732_0,302.0,"{""type"":""MultiPoint"",""coordinates"":[]}"
733_0,161.0,"{""type"":""MultiPoint"",""coordinates"":[]}"
734_0,238.33333333333334,"{""type"":""MultiPoint"",""coordinates"":[]}"
735_0,298.6666666666667,"{""type"":""MultiPoint"",""coordinates"":[]}"
736_0,144.33333333333334,"{""type"":""MultiPoint"",""coordinates"":[]}"
737_0,239.33333333333334,"{""type"":""MultiPoint"",""coordinates"":[]}"
738_0,282.6666666666667,"{""type"":""MultiPoint"",""coordinates"":[]}"
739_0,208.66666666666666,"{""type"":""MultiPoint"",""coordinates"":[]}"
740_0,210.33333333333334,"{""type"":""MultiPoint"",""coordinates"":[]}"
741_0,320.6666666666667,"{""type"":""MultiPoint"",""coordinates"":[]}"
742_0,248.0,"{""type"":""MultiPoint"",""coordinates"":[]}"
743_0,200.33333333333334,"{""type"":""MultiPoint"",""coordinates"":[]}"
744_0,219.0,"{""type"":""MultiPoint"",""coordinates"":[]}"
745_0,182.33333333333334,"{""type"":""MultiPoint"",""coordinates"":[]}"
746_0,282.3333333333333,"{""type"":""MultiPoint"",""coordinates"":[]}"
747_0,278.6666666666667,"{""type"":""MultiPoint"",""coordinates"":[]}"
748_0,181.33333333333334,"{""type"":""MultiPoint"",""coordinates"":[]}"
749_0,207.33333333333334,"{""type"":""MultiPoint"",""coordinates"":[]}"
750_0,175.66666666666666,"{""type"":""MultiPoint"",""coordinates"":[]}"
751_0,233.33333333333334,"{""type"":""MultiPoint"",""coordinates"":[]}"
752_0,143.33333333333334,"{""type"":""MultiPoint"",""coordinates"":[]}"
753_0,209.66666666666666,"{""type"":""MultiPoint"",""coordinates"":[]}"
754_0,324.0,"{""type"":""MultiPoint"",""coordinates"":[]}"
755_0,205.33333333333334,"{""type"":""MultiPoint"",""coordinates"":[]}"
756_0,268.0,"{""type"":""MultiPoint"",""coordinates"":[]}"
757_0,267.3333333333333,"{""type"":""MultiPoint"",""coordinates"":[]}"
758_0,249.33333333333334,"{""type"":""MultiPoint"",""coordinates"":[]}"
759_0,211.33333333333334,"{""type"":""MultiPoint"",""coordinates"":[]}"
760_0,311.6666666666667,"{""type"":""MultiPoint"",""coordinates"":[]}"
761_0,249.66666666666666,"{""type"":""MultiPoint"",""coordinates"":[]}"
762_0,217.0,"{""type"":""MultiPoint"",""coordinates"":[]}"
763_0,324.0,"{""type"":""MultiPoint"",""coordinates"":[]}"
764_0,294.3333333333333,"{""type"":""MultiPoint"",""coordinates"":[]}"
765_0,310.6666666666667,"{""type"":""MultiPoint"",""coordinates"":[]}"
766_0,292.6666666666667,"{""type"":""MultiPoint"",""coordinates"":[]}"
767_0,281.0,"{""type"":""MultiPoint"",""coordinates"":[]}"
768_0,224.0,"{""type"":""MultiPoint"",""coordinates"":[]}"
769_0,144.66666666666666,"{""type"":""MultiPoint"",""coordinates"":[]}"
770_0,296.6666666666667,"{""type"":""MultiPoint"",""coordinates"":[]}"
771_0,310.0,"{""type"":""MultiPoint"",""coordinates"":[]}"
772_0,196.0,"{""type"":""MultiPoint"",""coordinates"":[]}"
773_0,194.33333333333334,"{""type"":""MultiPoint"",""coordinates"":[]}"
774_0,237.66666666666666,"{""type"":""MultiPoint"",""coordinates"":[]}"
775_0,230.33333333333334,"{""type"":""MultiPoint"",""coordinates"":[]}"
776_0,228.33333333333334,"{""type"":""MultiPoint"",""coordinates"":[]}"
777_0,316.3333333333333,"{""type"":""MultiPoint"",""coordinates"":[]}"
778_0,313.6666666666667,"{""type"":""MultiPoint"",""coordinates"":[]}"
779_0,284.0,"{""type"":""MultiPoint"",""coordinates"":[]}"
780_0,293.3333333333333,"{""type"":""MultiPoint"",""coordinates"":[]}"
781_0,326.0,"{""type"":""MultiPoint"",""coordinates"":[]}"
782_0,328.0,"{""type"":""MultiPoint"",""coordinates"":[]}"
783_0,241.0,"{""type"":""MultiPoint"",""coordinates"":[]}"
784_0,252.0,"{""type"":""MultiPoint"",""coordinates"":[]}"
785_0,263.0,"{""type"":""MultiPoint"",""coordinates"":[]}"
786_0,238.66666666666666,"{""type"":""MultiPoint"",""coordinates"":[]}"
787_0,240.0,"{""type"":""MultiPoint"",""coordinates"":[]}"
788_0,324.6666666666667,"{""type"":""MultiPoint"",""coordinates"":[]}"
789_0,263.0,"{""type"":""MultiPoint"",""coordinates"":[]}"
790_0,322.3333333333333,"{""type"":""MultiPoint"",""coordinates"":[]}"
791_0,320.6666666666667,"{""type"":""MultiPoint"",""coordinates"":[]}"
792_0,292.6666666666667,"{""type"":""MultiPoint"",""coordinates"":[]}"
793_0,304.0,"{""type"":""MultiPoint"",""coordinates"":[]}"
794_0,152.33333333333334,"{""type"":""MultiPoint"",""coordinates"":[]}"
795_0,311.3333333333333,"{""type"":""MultiPoint"",""coordinates"":[]}"
796_0,323.3333333333333,"{""type"":""MultiPoint"",""coordinates"":[]}"
797_0,208.0,"{""type"":""MultiPoint"",""coordinates"":[]}"
798_0,197.33333333333334,"{""type"":""MultiPoint"",""coordinates"":[]}"
799_0,285.0,"{""type"":""MultiPoint"",""coordinates"":[]}"
800_0,242.33333333333334,"{""type"":""MultiPoint"",""coordinates"":[]}"
801_0,241.33333333333334,"{""type"":""MultiPoint"",""coordinates"":[]}"
802_0,226.33333333333334,"{""type"":""MultiPoint"",""coordinates"":[]}"
803_0,139.0,"{""type"":""MultiPoint"",""coordinates"":[]}"
804_0,270.3333333333333,"{""type"":""MultiPoint"",""coordinates"":[]}"
805_0,164.33333333333334,"{""type"":""MultiPoint"",""coordinates"":[]}"
806_0,307.3333333333333,"{""type"":""MultiPoint"",""coordinates"":[]}"
807_0,222.66666666666666,"{""type"":""MultiPoint"",""coordinates"":[]}"
808_0,275.6666666666667,"{""type"":""MultiPoint"",""coordinates"":[]}"
809_0,277.0,"{""type"":""MultiPoint"",""coordinates"":[]}"
810_0,258.3333333333333,"{""type"":""MultiPoint"",""coordinates"":[]}"
811_0,254.33333333333334,"{""type"":""MultiPoint"",""coordinates"":[]}"
812_0,218.0,"{""type"":""MultiPoint"",""coordinates"":[]}"
813_0,252.66666666666666,"{""type"":""MultiPoint"",""coordinates"":[]}"
814_0,228.0,"{""type"":""MultiPoint"",""coordinates"":[]}"
815_0,234.66666666666666,"{""type"":""MultiPoint"",""coordinates"":[]}"
816_0,234.0,"{""type"":""MultiPoint"",""coordinates"":[]}"
817_0,203.33333333333334,"{""type"":""MultiPoint"",""coordinates"":[]}"
818_0,290.6666666666667,"{""type"":""MultiPoint"",""coordinates"":[]}"
819_0,223.66666666666666,"{""type"":""MultiPoint"",""coordinates"":[]}"
820_0,303.0,"{""type"":""MultiPoint"",""coordinates"":[]}"
821_0,288.3333333333333,"{""type"":""MultiPoint"",""coordinates"":[]}"
822_0,318.6666666666667,"{""type"":""MultiPoint"",""coordinates"":[]}"
823_0,203.33333333333334,"{""type"":""MultiPoint"",""coordinates"":[]}"
824_0,301.3333333333333,"{""type"":""MultiPoint"",""coordinates"":[]}"
825_0,191.66666666666666,"{""type"":""MultiPoint"",""coordinates"":[]}"
826_0,283.6666666666667,"{""type"":""MultiPoint"",""coordinates"":[]}"
827_0,262.6666666666667,"{""type"":""MultiPoint"",""coordinates"":[]}"
828_0,239.0,"{""type"":""MultiPoint"",""coordinates"":[]}"
829_0,262.6666666666667,"{""type"":""MultiPoint"",""coordinates"":[]}"
830_0,184.0,"{""type"":""MultiPoint"",""coordinates"":[]}"
831_0,266.0,"{""type"":""MultiPoint"",""coordinates"":[]}"
832_0,252.33333333333334,"{""type"":""MultiPoint"",""coordinates"":[]}"
